uN:0,uN:1,uN:2,vtkValidPointMask,arc_length,Points:0,Points:1,Points:2,Point ID
-3.21186e-07,-5.88074e-06,-6.58066e-08,1,0,0.005,0,0.0075,0
-3.21534e-07,-5.88018e-06,-6.58844e-08,1,4.50001e-05,0.005045,0,0.0075,1
-3.21883e-07,-5.87962e-06,-6.59623e-08,1,9.00002e-05,0.00509,0,0.0075,2
-3.22231e-07,-5.87906e-06,-6.60402e-08,1,0.000135,0.005135,0,0.0075,3
-3.2258e-07,-5.8785e-06,-6.61181e-08,1,0.00018,0.00518,0,0.0075,4
-3.22928e-07,-5.87794e-06,-6.6196e-08,1,0.000225,0.005225,0,0.0075,5
-3.23277e-07,-5.87737e-06,-6.62739e-08,1,0.00027,0.00527,0,0.0075,6
-3.23625e-07,-5.87681e-06,-6.63518e-08,1,0.000315,0.005315,0,0.0075,7
-3.23973e-07,-5.87625e-06,-6.64297e-08,1,0.00036,0.00536,0,0.0075,8
-3.24322e-07,-5.87569e-06,-6.65076e-08,1,0.000405,0.005405,0,0.0075,9
-3.2467e-07,-5.87513e-06,-6.65855e-08,1,0.00045,0.00545,0,0.0075,10
-3.25019e-07,-5.87457e-06,-6.66633e-08,1,0.000495,0.005495,0,0.0075,11
-3.25367e-07,-5.87401e-06,-6.67412e-08,1,0.00054,0.00554,0,0.0075,12
-3.25716e-07,-5.87344e-06,-6.68191e-08,1,0.000585,0.005585,0,0.0075,13
-3.26064e-07,-5.87288e-06,-6.6897e-08,1,0.00063,0.00563,0,0.0075,14
-3.26413e-07,-5.87232e-06,-6.69749e-08,1,0.000675,0.005675,0,0.0075,15
-3.26761e-07,-5.87176e-06,-6.70528e-08,1,0.00072,0.00572,0,0.0075,16
-3.27109e-07,-5.8712e-06,-6.71307e-08,1,0.000765,0.005765,0,0.0075,17
-3.27458e-07,-5.87064e-06,-6.72086e-08,1,0.00081,0.00581,0,0.0075,18
-3.27806e-07,-5.87008e-06,-6.72865e-08,1,0.000855,0.005855,0,0.0075,19
-3.28155e-07,-5.86952e-06,-6.73643e-08,1,0.0009,0.0059,0,0.0075,20
-3.28503e-07,-5.86895e-06,-6.74422e-08,1,0.000945,0.005945,0,0.0075,21
-3.28852e-07,-5.86839e-06,-6.75201e-08,1,0.00099,0.00599,0,0.0075,22
-3.292e-07,-5.86783e-06,-6.7598e-08,1,0.001035,0.006035,0,0.0075,23
-3.29548e-07,-5.86727e-06,-6.76759e-08,1,0.00108,0.00608,0,0.0075,24
-3.29897e-07,-5.86671e-06,-6.77538e-08,1,0.001125,0.006125,0,0.0075,25
-3.30245e-07,-5.86615e-06,-6.78317e-08,1,0.00117,0.00617,0,0.0075,26
-3.30594e-07,-5.86559e-06,-6.79096e-08,1,0.001215,0.006215,0,0.0075,27
-3.30942e-07,-5.86503e-06,-6.79875e-08,1,0.00126,0.00626,0,0.0075,28
-3.31291e-07,-5.86446e-06,-6.80653e-08,1,0.001305,0.006305,0,0.0075,29
-3.31639e-07,-5.8639e-06,-6.81432e-08,1,0.00135,0.00635,0,0.0075,30
-3.31988e-07,-5.86334e-06,-6.82211e-08,1,0.001395,0.006395,0,0.0075,31
-3.32336e-07,-5.86278e-06,-6.8299e-08,1,0.00144,0.00644,0,0.0075,32
-3.32684e-07,-5.86222e-06,-6.83769e-08,1,0.001485,0.006485,0,0.0075,33
-3.32761e-07,-5.86204e-06,-6.82665e-08,1,0.00153,0.00653,0,0.0075,34
-3.32701e-07,-5.86205e-06,-6.80619e-08,1,0.001575,0.006575,0,0.0075,35
-3.32642e-07,-5.86206e-06,-6.78573e-08,1,0.00162,0.00662,0,0.0075,36
-3.32582e-07,-5.86207e-06,-6.76527e-08,1,0.001665,0.006665,0,0.0075,37
-3.32523e-07,-5.86208e-06,-6.74481e-08,1,0.00171,0.00671,0,0.0075,38
-3.32463e-07,-5.86209e-06,-6.72435e-08,1,0.001755,0.006755,0,0.0075,39
-3.32404e-07,-5.8621e-06,-6.70389e-08,1,0.0018,0.0068,0,0.0075,40
-3.32344e-07,-5.86211e-06,-6.68343e-08,1,0.001845,0.006845,0,0.0075,41
-3.32284e-07,-5.86212e-06,-6.66298e-08,1,0.00189,0.00689,0,0.0075,42
-3.32225e-07,-5.86213e-06,-6.64252e-08,1,0.001935,0.006935,0,0.0075,43
-3.32165e-07,-5.86215e-06,-6.62206e-08,1,0.00198,0.00698,0,0.0075,44
-3.32106e-07,-5.86216e-06,-6.6016e-08,1,0.002025,0.007025,0,0.0075,45
-3.32046e-07,-5.86217e-06,-6.58114e-08,1,0.00207,0.00707,0,0.0075,46
-3.31987e-07,-5.86218e-06,-6.56068e-08,1,0.002115,0.007115,0,0.0075,47
-3.31927e-07,-5.86219e-06,-6.54022e-08,1,0.00216,0.00716,0,0.0075,48
-3.31868e-07,-5.8622e-06,-6.51976e-08,1,0.002205,0.007205,0,0.0075,49
-3.31808e-07,-5.86221e-06,-6.4993e-08,1,0.00225,0.00725,0,0.0075,50
-3.31748e-07,-5.86222e-06,-6.47885e-08,1,0.002295,0.007295,0,0.0075,51
-3.31689e-07,-5.86223e-06,-6.45839e-08,1,0.00234,0.00734,0,0.0075,52
-3.31629e-07,-5.86224e-06,-6.43793e-08,1,0.002385,0.007385,0,0.0075,53
-3.3157e-07,-5.86225e-06,-6.41747e-08,1,0.00243,0.00743,0,0.0075,54
-3.3151e-07,-5.86226e-06,-6.39701e-08,1,0.002475,0.007475,0,0.0075,55
-3.31451e-07,-5.86227e-06,-6.37655e-08,1,0.00252,0.00752,0,0.0075,56
-3.31391e-07,-5.86228e-06,-6.35609e-08,1,0.002565,0.007565,0,0.0075,57
-3.31332e-07,-5.86229e-06,-6.33563e-08,1,0.00261,0.00761,0,0.0075,58
-3.31272e-07,-5.8623e-06,-6.31517e-08,1,0.002655,0.007655,0,0.0075,59
-3.31212e-07,-5.86232e-06,-6.29471e-08,1,0.0027,0.0077,0,0.0075,60
-3.31153e-07,-5.86233e-06,-6.27426e-08,1,0.002745,0.007745,0,0.0075,61
-3.31093e-07,-5.86234e-06,-6.2538e-08,1,0.00279,0.00779,0,0.0075,62
-3.31034e-07,-5.86235e-06,-6.23334e-08,1,0.002835,0.007835,0,0.0075,63
-3.30974e-07,-5.86236e-06,-6.21288e-08,1,0.00288,0.00788,0,0.0075,64
-3.30915e-07,-5.86237e-06,-6.19242e-08,1,0.002925,0.007925,0,0.0075,65
-3.30855e-07,-5.86238e-06,-6.17196e-08,1,0.00297,0.00797,0,0.0075,66
-3.30721e-07,-5.86249e-06,-6.1594e-08,1,0.003015,0.008015,0,0.0075,67
-3.30436e-07,-5.8628e-06,-6.16265e-08,1,0.00306,0.00806,0,0.0075,68
-3.30152e-07,-5.8631e-06,-6.1659e-08,1,0.003105,0.008105,0,0.0075,69
-3.29867e-07,-5.86341e-06,-6.16915e-08,1,0.00315,0.00815,0,0.0075,70
-3.29583e-07,-5.86372e-06,-6.1724e-08,1,0.003195,0.008195,0,0.0075,71
-3.29298e-07,-5.86403e-06,-6.17565e-08,1,0.00324,0.00824,0,0.0075,72
-3.29014e-07,-5.86433e-06,-6.1789e-08,1,0.003285,0.008285,0,0.0075,73
-3.28729e-07,-5.86464e-06,-6.18215e-08,1,0.00333,0.00833,0,0.0075,74
-3.28445e-07,-5.86495e-06,-6.1854e-08,1,0.003375,0.008375,0,0.0075,75
-3.28161e-07,-5.86526e-06,-6.18864e-08,1,0.00342,0.00842,0,0.0075,76
-3.27876e-07,-5.86556e-06,-6.19189e-08,1,0.003465,0.008465,0,0.0075,77
-3.27592e-07,-5.86587e-06,-6.19514e-08,1,0.00351,0.00851,0,0.0075,78
-3.27307e-07,-5.86618e-06,-6.19839e-08,1,0.003555,0.008555,0,0.0075,79
-3.27023e-07,-5.86649e-06,-6.20164e-08,1,0.0036,0.0086,0,0.0075,80
-3.26738e-07,-5.86679e-06,-6.20489e-08,1,0.003645,0.008645,0,0.0075,81
-3.26454e-07,-5.8671e-06,-6.20814e-08,1,0.00369,0.00869,0,0.0075,82
-3.26169e-07,-5.86741e-06,-6.21139e-08,1,0.003735,0.008735,0,0.0075,83
-3.25885e-07,-5.86771e-06,-6.21464e-08,1,0.00378,0.00878,0,0.0075,84
-3.256e-07,-5.86802e-06,-6.21789e-08,1,0.003825,0.008825,0,0.0075,85
-3.25316e-07,-5.86833e-06,-6.22113e-08,1,0.00387,0.00887,0,0.0075,86
-3.25032e-07,-5.86864e-06,-6.22438e-08,1,0.003915,0.008915,0,0.0075,87
-3.24747e-07,-5.86894e-06,-6.22763e-08,1,0.00396,0.00896,0,0.0075,88
-3.24463e-07,-5.86925e-06,-6.23088e-08,1,0.004005,0.009005,0,0.0075,89
-3.24178e-07,-5.86956e-06,-6.23413e-08,1,0.00405,0.00905,0,0.0075,90
-3.23894e-07,-5.86987e-06,-6.23738e-08,1,0.004095,0.009095,0,0.0075,91
-3.23609e-07,-5.87017e-06,-6.24063e-08,1,0.00414,0.00914,0,0.0075,92
-3.23325e-07,-5.87048e-06,-6.24388e-08,1,0.004185,0.009185,0,0.0075,93
-3.2304e-07,-5.87079e-06,-6.24713e-08,1,0.00423,0.00923,0,0.0075,94
-3.22756e-07,-5.8711e-06,-6.25038e-08,1,0.004275,0.009275,0,0.0075,95
-3.22472e-07,-5.8714e-06,-6.25362e-08,1,0.00432,0.00932,0,0.0075,96
-3.22187e-07,-5.87171e-06,-6.25687e-08,1,0.004365,0.009365,0,0.0075,97
-3.21903e-07,-5.87202e-06,-6.26012e-08,1,0.00441,0.00941,0,0.0075,98
-3.21618e-07,-5.87233e-06,-6.26337e-08,1,0.004455,0.009455,0,0.0075,99
-3.21334e-07,-5.87263e-06,-6.26662e-08,1,0.0045,0.0095,0,0.0075,100
-3.21049e-07,-5.87294e-06,-6.26987e-08,1,0.004545,0.009545,0,0.0075,101
-3.20765e-07,-5.87325e-06,-6.27312e-08,1,0.00459,0.00959,0,0.0075,102
-3.2048e-07,-5.87356e-06,-6.27637e-08,1,0.004635,0.009635,0,0.0075,103
-3.20163e-07,-5.87392e-06,-6.2672e-08,1,0.00468,0.00968,0,0.0075,104
-3.1982e-07,-5.87433e-06,-6.24866e-08,1,0.004725,0.009725,0,0.0075,105
-3.19477e-07,-5.87473e-06,-6.23012e-08,1,0.00477,0.00977,0,0.0075,106
-3.19134e-07,-5.87514e-06,-6.21158e-08,1,0.004815,0.009815,0,0.0075,107
-3.18791e-07,-5.87554e-06,-6.19304e-08,1,0.00486,0.00986,0,0.0075,108
-3.18447e-07,-5.87595e-06,-6.1745e-08,1,0.004905,0.009905,0,0.0075,109
-3.18104e-07,-5.87636e-06,-6.15596e-08,1,0.00495,0.00995,0,0.0075,110
-3.17761e-07,-5.87676e-06,-6.13742e-08,1,0.004995,0.009995,0,0.0075,111
-3.17418e-07,-5.87717e-06,-6.11888e-08,1,0.00504,0.01004,0,0.0075,112
-3.17075e-07,-5.87757e-06,-6.10034e-08,1,0.005085,0.010085,0,0.0075,113
-3.16732e-07,-5.87798e-06,-6.0818e-08,1,0.00513,0.01013,0,0.0075,114
-3.16389e-07,-5.87839e-06,-6.06326e-08,1,0.005175,0.010175,0,0.0075,115
-3.16046e-07,-5.87879e-06,-6.04472e-08,1,0.00522,0.01022,0,0.0075,116
-3.15703e-07,-5.8792e-06,-6.02618e-08,1,0.005265,0.010265,0,0.0075,117
-3.1536e-07,-5.8796e-06,-6.00764e-08,1,0.00531,0.01031,0,0.0075,118
-3.15017e-07,-5.88001e-06,-5.9891e-08,1,0.005355,0.010355,0,0.0075,119
-3.14674e-07,-5.88042e-06,-5.97056e-08,1,0.0054,0.0104,0,0.0075,120
-3.14331e-07,-5.88082e-06,-5.95202e-08,1,0.005445,0.010445,0,0.0075,121
-3.13988e-07,-5.88123e-06,-5.93348e-08,1,0.00549,0.01049,0,0.0075,122
-3.13645e-07,-5.88163e-06,-5.91494e-08,1,0.005535,0.010535,0,0.0075,123
-3.13302e-07,-5.88204e-06,-5.8964e-08,1,0.00558,0.01058,0,0.0075,124
-3.12959e-07,-5.88245e-06,-5.87786e-08,1,0.005625,0.010625,0,0.0075,125
-3.12616e-07,-5.88285e-06,-5.85932e-08,1,0.00567,0.01067,0,0.0075,126
-3.12273e-07,-5.88326e-06,-5.84078e-08,1,0.005715,0.010715,0,0.0075,127
-3.1193e-07,-5.88366e-06,-5.82224e-08,1,0.00576,0.01076,0,0.0075,128
-3.11587e-07,-5.88407e-06,-5.8037e-08,1,0.005805,0.010805,0,0.0075,129
-3.11244e-07,-5.88448e-06,-5.78516e-08,1,0.00585,0.01085,0,0.0075,130
-3.10901e-07,-5.88488e-06,-5.76662e-08,1,0.005895,0.010895,0,0.0075,131
-3.10558e-07,-5.88529e-06,-5.74808e-08,1,0.00594,0.01094,0,0.0075,132
-3.10215e-07,-5.88569e-06,-5.72954e-08,1,0.005985,0.010985,0,0.0075,133
-3.09872e-07,-5.8861e-06,-5.711e-08,1,0.00603,0.01103,0,0.0075,134
-3.09529e-07,-5.88651e-06,-5.69246e-08,1,0.006075,0.011075,0,0.0075,135
-3.09186e-07,-5.88691e-06,-5.67392e-08,1,0.00612,0.01112,0,0.0075,136
-3.08843e-07,-5.88732e-06,-5.65537e-08,1,0.006165,0.011165,0,0.0075,137
-3.085e-07,-5.88772e-06,-5.63683e-08,1,0.00621,0.01121,0,0.0075,138
-3.08157e-07,-5.88813e-06,-5.61829e-08,1,0.006255,0.011255,0,0.0075,139
-3.07814e-07,-5.88854e-06,-5.59975e-08,1,0.0063,0.0113,0,0.0075,140
-3.07471e-07,-5.88894e-06,-5.58121e-08,1,0.006345,0.011345,0,0.0075,141
-3.07128e-07,-5.88935e-06,-5.56267e-08,1,0.00639,0.01139,0,0.0075,142
-3.06785e-07,-5.88976e-06,-5.54413e-08,1,0.006435,0.011435,0,0.0075,143
-3.06442e-07,-5.89016e-06,-5.52559e-08,1,0.00648,0.01148,0,0.0075,144
-3.06099e-07,-5.89057e-06,-5.50705e-08,1,0.006525,0.011525,0,0.0075,145
-3.05756e-07,-5.89097e-06,-5.48851e-08,1,0.00657,0.01157,0,0.0075,146
-3.05413e-07,-5.89138e-06,-5.46997e-08,1,0.006615,0.011615,0,0.0075,147
-3.0507e-07,-5.89179e-06,-5.45143e-08,1,0.00666,0.01166,0,0.0075,148
-3.04727e-07,-5.89219e-06,-5.43289e-08,1,0.006705,0.011705,0,0.0075,149
-3.04384e-07,-5.8926e-06,-5.41435e-08,1,0.00675,0.01175,0,0.0075,150
-3.04041e-07,-5.893e-06,-5.39581e-08,1,0.006795,0.011795,0,0.0075,151
-3.03698e-07,-5.89341e-06,-5.37727e-08,1,0.00684,0.01184,0,0.0075,152
-3.03355e-07,-5.89382e-06,-5.35873e-08,1,0.006885,0.011885,0,0.0075,153
-3.03012e-07,-5.89422e-06,-5.34019e-08,1,0.00693,0.01193,0,0.0075,154
-3.02669e-07,-5.89463e-06,-5.32165e-08,1,0.006975,0.011975,0,0.0075,155
-3.02326e-07,-5.89503e-06,-5.30311e-08,1,0.00702,0.01202,0,0.0075,156
-3.01983e-07,-5.89544e-06,-5.28457e-08,1,0.007065,0.012065,0,0.0075,157
-3.0164e-07,-5.89585e-06,-5.26603e-08,1,0.00711,0.01211,0,0.0075,158
-3.01297e-07,-5.89625e-06,-5.24749e-08,1,0.007155,0.012155,0,0.0075,159
-3.00954e-07,-5.89666e-06,-5.22895e-08,1,0.0072,0.0122,0,0.0075,160
-3.00611e-07,-5.89706e-06,-5.21041e-08,1,0.007245,0.012245,0,0.0075,161
-3.00243e-07,-5.89751e-06,-5.19575e-08,1,0.00729,0.01229,0,0.0075,162
-2.99818e-07,-5.89803e-06,-5.19e-08,1,0.007335,0.012335,0,0.0075,163
-2.99394e-07,-5.89856e-06,-5.18425e-08,1,0.00738,0.01238,0,0.0075,164
-2.98969e-07,-5.89908e-06,-5.17851e-08,1,0.007425,0.012425,0,0.0075,165
-2.98544e-07,-5.89961e-06,-5.17276e-08,1,0.00747,0.01247,0,0.0075,166
-2.9812e-07,-5.90014e-06,-5.16701e-08,1,0.007515,0.012515,0,0.0075,167
-2.97695e-07,-5.90066e-06,-5.16126e-08,1,0.00756,0.01256,0,0.0075,168
-2.9727e-07,-5.90119e-06,-5.15552e-08,1,0.007605,0.012605,0,0.0075,169
-2.96846e-07,-5.90171e-06,-5.14977e-08,1,0.00765,0.01265,0,0.0075,170
-2.96421e-07,-5.90224e-06,-5.14402e-08,1,0.007695,0.012695,0,0.0075,171
-2.95996e-07,-5.90277e-06,-5.13827e-08,1,0.00774,0.01274,0,0.0075,172
-2.95571e-07,-5.90329e-06,-5.13253e-08,1,0.007785,0.012785,0,0.0075,173
-2.95147e-07,-5.90382e-06,-5.12678e-08,1,0.00783,0.01283,0,0.0075,174
-2.94722e-07,-5.90434e-06,-5.12103e-08,1,0.007875,0.012875,0,0.0075,175
-2.94297e-07,-5.90487e-06,-5.11528e-08,1,0.00792,0.01292,0,0.0075,176
-2.93873e-07,-5.90539e-06,-5.10954e-08,1,0.007965,0.012965,0,0.0075,177
-2.93448e-07,-5.90592e-06,-5.10379e-08,1,0.00801,0.01301,0,0.0075,178
-2.93023e-07,-5.90645e-06,-5.09804e-08,1,0.008055,0.013055,0,0.0075,179
-2.92599e-07,-5.90697e-06,-5.09229e-08,1,0.0081,0.0131,0,0.0075,180
-2.92174e-07,-5.9075e-06,-5.08655e-08,1,0.008145,0.013145,0,0.0075,181
-2.91749e-07,-5.90802e-06,-5.0808e-08,1,0.00819,0.01319,0,0.0075,182
-2.91325e-07,-5.90855e-06,-5.07505e-08,1,0.008235,0.013235,0,0.0075,183
-2.909e-07,-5.90908e-06,-5.0693e-08,1,0.00828,0.01328,0,0.0075,184
-2.90475e-07,-5.9096e-06,-5.06356e-08,1,0.008325,0.013325,0,0.0075,185
-2.9005e-07,-5.91013e-06,-5.05781e-08,1,0.00837,0.01337,0,0.0075,186
-2.89626e-07,-5.91065e-06,-5.05206e-08,1,0.008415,0.013415,0,0.0075,187
-2.89201e-07,-5.91118e-06,-5.04631e-08,1,0.00846,0.01346,0,0.0075,188
-2.88776e-07,-5.9117e-06,-5.04057e-08,1,0.008505,0.013505,0,0.0075,189
-2.88352e-07,-5.91223e-06,-5.03482e-08,1,0.00855,0.01355,0,0.0075,190
-2.87927e-07,-5.91276e-06,-5.02907e-08,1,0.008595,0.013595,0,0.0075,191
-2.87502e-07,-5.91328e-06,-5.02332e-08,1,0.00864,0.01364,0,0.0075,192
-2.87078e-07,-5.91381e-06,-5.01758e-08,1,0.008685,0.013685,0,0.0075,193
-2.86653e-07,-5.91433e-06,-5.01183e-08,1,0.00873,0.01373,0,0.0075,194
-2.86228e-07,-5.91486e-06,-5.00608e-08,1,0.008775,0.013775,0,0.0075,195
-2.85804e-07,-5.91539e-06,-5.00033e-08,1,0.00882,0.01382,0,0.0075,196
-2.85379e-07,-5.91591e-06,-4.99459e-08,1,0.008865,0.013865,0,0.0075,197
-2.84954e-07,-5.91644e-06,-4.98884e-08,1,0.00891,0.01391,0,0.0075,198
-2.84529e-07,-5.91696e-06,-4.98309e-08,1,0.008955,0.013955,0,0.0075,199
-2.84105e-07,-5.91749e-06,-4.97734e-08,1,0.009,0.014,0,0.0075,200
-2.8368e-07,-5.91801e-06,-4.9716e-08,1,0.009045,0.014045,0,0.0075,201
-2.83255e-07,-5.91854e-06,-4.96585e-08,1,0.00909,0.01409,0,0.0075,202
-2.82831e-07,-5.91907e-06,-4.9601e-08,1,0.009135,0.014135,0,0.0075,203
-2.82406e-07,-5.91959e-06,-4.95435e-08,1,0.00918,0.01418,0,0.0075,204
-2.81981e-07,-5.92012e-06,-4.94861e-08,1,0.009225,0.014225,0,0.0075,205
-2.81557e-07,-5.92064e-06,-4.94286e-08,1,0.00927,0.01427,0,0.0075,206
-2.81132e-07,-5.92117e-06,-4.93711e-08,1,0.009315,0.014315,0,0.0075,207
-2.80707e-07,-5.9217e-06,-4.93136e-08,1,0.00936,0.01436,0,0.0075,208
-2.80283e-07,-5.92222e-06,-4.92562e-08,1,0.009405,0.014405,0,0.0075,209
-2.79858e-07,-5.92275e-06,-4.91987e-08,1,0.00945,0.01445,0,0.0075,210
-2.79433e-07,-5.92327e-06,-4.91412e-08,1,0.009495,0.014495,0,0.0075,211
-2.79008e-07,-5.9238e-06,-4.90837e-08,1,0.00954,0.01454,0,0.0075,212
-2.78584e-07,-5.92432e-06,-4.90263e-08,1,0.009585,0.014585,0,0.0075,213
-2.78159e-07,-5.92485e-06,-4.89688e-08,1,0.00963,0.01463,0,0.0075,214
-2.77734e-07,-5.92538e-06,-4.89113e-08,1,0.009675,0.014675,0,0.0075,215
-2.7731e-07,-5.9259e-06,-4.88538e-08,1,0.00972,0.01472,0,0.0075,216
-2.76885e-07,-5.92643e-06,-4.87964e-08,1,0.009765,0.014765,0,0.0075,217
-2.7646e-07,-5.92695e-06,-4.87389e-08,1,0.00981,0.01481,0,0.0075,218
-2.76036e-07,-5.92748e-06,-4.86814e-08,1,0.009855,0.014855,0,0.0075,219
-2.75611e-07,-5.92801e-06,-4.86239e-08,1,0.0099,0.0149,0,0.0075,220
-2.75186e-07,-5.92853e-06,-4.85665e-08,1,0.009945,0.014945,0,0.0075,221
-2.74761e-07,-5.92906e-06,-4.8509e-08,1,0.00999,0.01499,0,0.0075,222
-2.74337e-07,-5.92958e-06,-4.84515e-08,1,0.010035,0.015035,0,0.0075,223
-2.73912e-07,-5.93011e-06,-4.8394e-08,1,0.01008,0.01508,0,0.0075,224
-2.73487e-07,-5.93064e-06,-4.83366e-08,1,0.010125,0.015125,0,0.0075,225
-2.73063e-07,-5.93116e-06,-4.82791e-08,1,0.01017,0.01517,0,0.0075,226
-2.72638e-07,-5.93169e-06,-4.82216e-08,1,0.010215,0.015215,0,0.0075,227
-2.72213e-07,-5.93221e-06,-4.81641e-08,1,0.01026,0.01526,0,0.0075,228
-2.71789e-07,-5.93274e-06,-4.81066e-08,1,0.010305,0.015305,0,0.0075,229
-2.71364e-07,-5.93326e-06,-4.80492e-08,1,0.01035,0.01535,0,0.0075,230
-2.70939e-07,-5.93379e-06,-4.79917e-08,1,0.010395,0.015395,0,0.0075,231
-2.70515e-07,-5.93432e-06,-4.79342e-08,1,0.01044,0.01544,0,0.0075,232
-2.7009e-07,-5.93484e-06,-4.78767e-08,1,0.010485,0.015485,0,0.0075,233
-2.69665e-07,-5.93537e-06,-4.78193e-08,1,0.01053,0.01553,0,0.0075,234
-2.6924e-07,-5.93589e-06,-4.77618e-08,1,0.010575,0.015575,0,0.0075,235
-2.68816e-07,-5.93642e-06,-4.77043e-08,1,0.01062,0.01562,0,0.0075,236
-2.68391e-07,-5.93695e-06,-4.76469e-08,1,0.010665,0.015665,0,0.0075,237
-2.67966e-07,-5.93747e-06,-4.75894e-08,1,0.01071,0.01571,0,0.0075,238
-2.67542e-07,-5.938e-06,-4.75319e-08,1,0.010755,0.015755,0,0.0075,239
-2.67117e-07,-5.93852e-06,-4.74744e-08,1,0.0108,0.0158,0,0.0075,240
-2.66692e-07,-5.93905e-06,-4.74169e-08,1,0.010845,0.015845,0,0.0075,241
-2.66268e-07,-5.93957e-06,-4.73595e-08,1,0.01089,0.01589,0,0.0075,242
-2.65843e-07,-5.9401e-06,-4.7302e-08,1,0.010935,0.015935,0,0.0075,243
-2.65418e-07,-5.94063e-06,-4.72445e-08,1,0.01098,0.01598,0,0.0075,244
-2.64994e-07,-5.94115e-06,-4.7187e-08,1,0.011025,0.016025,0,0.0075,245
-2.64569e-07,-5.94168e-06,-4.71296e-08,1,0.01107,0.01607,0,0.0075,246
-2.64144e-07,-5.9422e-06,-4.70721e-08,1,0.011115,0.016115,0,0.0075,247
-2.63719e-07,-5.94273e-06,-4.70146e-08,1,0.01116,0.01616,0,0.0075,248
-2.63295e-07,-5.94326e-06,-4.69571e-08,1,0.011205,0.016205,0,0.0075,249
-2.6287e-07,-5.94378e-06,-4.68997e-08,1,0.01125,0.01625,0,0.0075,250
-2.62445e-07,-5.94431e-06,-4.68422e-08,1,0.011295,0.016295,0,0.0075,251
-2.62021e-07,-5.94483e-06,-4.67847e-08,1,0.01134,0.01634,0,0.0075,252
-2.61596e-07,-5.94536e-06,-4.67272e-08,1,0.011385,0.016385,0,0.0075,253
-2.61171e-07,-5.94588e-06,-4.66698e-08,1,0.01143,0.01643,0,0.0075,254
-2.60781e-07,-5.94638e-06,-4.65467e-08,1,0.011475,0.016475,0,0.0075,255
-2.60392e-07,-5.94687e-06,-4.64207e-08,1,0.01152,0.01652,0,0.0075,256
-2.60003e-07,-5.94736e-06,-4.62947e-08,1,0.011565,0.016565,0,0.0075,257
-2.59614e-07,-5.94785e-06,-4.61687e-08,1,0.01161,0.01661,0,0.0075,258
-2.59225e-07,-5.94834e-06,-4.60427e-08,1,0.011655,0.016655,0,0.0075,259
-2.58836e-07,-5.94883e-06,-4.59167e-08,1,0.0117,0.0167,0,0.0075,260
-2.58447e-07,-5.94932e-06,-4.57907e-08,1,0.011745,0.016745,0,0.0075,261
-2.58058e-07,-5.94982e-06,-4.56647e-08,1,0.01179,0.01679,0,0.0075,262
-2.57669e-07,-5.95031e-06,-4.55387e-08,1,0.011835,0.016835,0,0.0075,263
-2.5728e-07,-5.9508e-06,-4.54127e-08,1,0.01188,0.01688,0,0.0075,264
-2.56891e-07,-5.95129e-06,-4.52867e-08,1,0.011925,0.016925,0,0.0075,265
-2.56502e-07,-5.95178e-06,-4.51607e-08,1,0.01197,0.01697,0,0.0075,266
-2.56113e-07,-5.95227e-06,-4.50347e-08,1,0.012015,0.017015,0,0.0075,267
-2.55724e-07,-5.95276e-06,-4.49087e-08,1,0.01206,0.01706,0,0.0075,268
-2.55335e-07,-5.95325e-06,-4.47827e-08,1,0.012105,0.017105,0,0.0075,269
-2.54947e-07,-5.95375e-06,-4.46567e-08,1,0.01215,0.01715,0,0.0075,270
-2.54558e-07,-5.95424e-06,-4.45307e-08,1,0.012195,0.017195,0,0.0075,271
-2.54169e-07,-5.95473e-06,-4.44047e-08,1,0.01224,0.01724,0,0.0075,272
-2.5378e-07,-5.95522e-06,-4.42787e-08,1,0.012285,0.017285,0,0.0075,273
-2.53391e-07,-5.95571e-06,-4.41527e-08,1,0.01233,0.01733,0,0.0075,274
-2.53002e-07,-5.9562e-06,-4.40267e-08,1,0.012375,0.017375,0,0.0075,275
-2.52613e-07,-5.95669e-06,-4.39007e-08,1,0.01242,0.01742,0,0.0075,276
-2.52224e-07,-5.95718e-06,-4.37747e-08,1,0.012465,0.017465,0,0.0075,277
-2.51835e-07,-5.95768e-06,-4.36487e-08,1,0.01251,0.01751,0,0.0075,278
-2.51446e-07,-5.95817e-06,-4.35227e-08,1,0.012555,0.017555,0,0.0075,279
-2.51057e-07,-5.95866e-06,-4.33967e-08,1,0.0126,0.0176,0,0.0075,280
-2.50668e-07,-5.95915e-06,-4.32707e-08,1,0.012645,0.017645,0,0.0075,281
-2.50279e-07,-5.95964e-06,-4.31447e-08,1,0.01269,0.01769,0,0.0075,282
-2.4989e-07,-5.96013e-06,-4.30187e-08,1,0.012735,0.017735,0,0.0075,283
-2.49501e-07,-5.96062e-06,-4.28927e-08,1,0.01278,0.01778,0,0.0075,284
-2.49112e-07,-5.96111e-06,-4.27668e-08,1,0.012825,0.017825,0,0.0075,285
-2.48723e-07,-5.9616e-06,-4.26408e-08,1,0.01287,0.01787,0,0.0075,286
-2.48334e-07,-5.9621e-06,-4.25147e-08,1,0.012915,0.017915,0,0.0075,287
-2.47945e-07,-5.96259e-06,-4.23888e-08,1,0.01296,0.01796,0,0.0075,288
-2.47556e-07,-5.96308e-06,-4.22628e-08,1,0.013005,0.018005,0,0.0075,289
-2.47167e-07,-5.96357e-06,-4.21368e-08,1,0.01305,0.01805,0,0.0075,290
-2.46778e-07,-5.96406e-06,-4.20108e-08,1,0.013095,0.018095,0,0.0075,291
-2.4639e-07,-5.96455e-06,-4.18848e-08,1,0.01314,0.01814,0,0.0075,292
-2.46001e-07,-5.96504e-06,-4.17588e-08,1,0.013185,0.018185,0,0.0075,293
-2.45612e-07,-5.96553e-06,-4.16328e-08,1,0.01323,0.01823,0,0.0075,294
-2.45223e-07,-5.96603e-06,-4.15068e-08,1,0.013275,0.018275,0,0.0075,295
-2.44834e-07,-5.96652e-06,-4.13808e-08,1,0.01332,0.01832,0,0.0075,296
-2.44445e-07,-5.96701e-06,-4.12548e-08,1,0.013365,0.018365,0,0.0075,297
-2.44056e-07,-5.9675e-06,-4.11288e-08,1,0.01341,0.01841,0,0.0075,298
-2.43667e-07,-5.96799e-06,-4.10028e-08,1,0.013455,0.018455,0,0.0075,299
-2.43278e-07,-5.96848e-06,-4.08768e-08,1,0.0135,0.0185,0,0.0075,300
-2.42889e-07,-5.96897e-06,-4.07508e-08,1,0.013545,0.018545,0,0.0075,301
-2.425e-07,-5.96946e-06,-4.06248e-08,1,0.01359,0.01859,0,0.0075,302
-2.42111e-07,-5.96996e-06,-4.04988e-08,1,0.013635,0.018635,0,0.0075,303
-2.41722e-07,-5.97045e-06,-4.03728e-08,1,0.01368,0.01868,0,0.0075,304
-2.41333e-07,-5.97094e-06,-4.02468e-08,1,0.013725,0.018725,0,0.0075,305
-2.40944e-07,-5.97143e-06,-4.01208e-08,1,0.01377,0.01877,0,0.0075,306
-2.40555e-07,-5.97192e-06,-3.99948e-08,1,0.013815,0.018815,0,0.0075,307
-2.40166e-07,-5.97241e-06,-3.98688e-08,1,0.01386,0.01886,0,0.0075,308
-2.39777e-07,-5.9729e-06,-3.97428e-08,1,0.013905,0.018905,0,0.0075,309
-2.39388e-07,-5.97339e-06,-3.96168e-08,1,0.01395,0.01895,0,0.0075,310
-2.38999e-07,-5.97388e-06,-3.94908e-08,1,0.013995,0.018995,0,0.0075,311
-2.3861e-07,-5.97438e-06,-3.93648e-08,1,0.01404,0.01904,0,0.0075,312
-2.38222e-07,-5.97487e-06,-3.92388e-08,1,0.014085,0.019085,0,0.0075,313
-2.37833e-07,-5.97536e-06,-3.91128e-08,1,0.01413,0.01913,0,0.0075,314
-2.37444e-07,-5.97585e-06,-3.89868e-08,1,0.014175,0.019175,0,0.0075,315
-2.37055e-07,-5.97634e-06,-3.88608e-08,1,0.01422,0.01922,0,0.0075,316
-2.36666e-07,-5.97683e-06,-3.87348e-08,1,0.014265,0.019265,0,0.0075,317
-2.36277e-07,-5.97732e-06,-3.86088e-08,1,0.01431,0.01931,0,0.0075,318
-2.35888e-07,-5.97781e-06,-3.84828e-08,1,0.014355,0.019355,0,0.0075,319
-2.35499e-07,-5.97831e-06,-3.83568e-08,1,0.0144,0.0194,0,0.0075,320
-2.3511e-07,-5.9788e-06,-3.82308e-08,1,0.014445,0.019445,0,0.0075,321
-2.34721e-07,-5.97929e-06,-3.81048e-08,1,0.01449,0.01949,0,0.0075,322
-2.34332e-07,-5.97978e-06,-3.79788e-08,1,0.014535,0.019535,0,0.0075,323
-2.33943e-07,-5.98027e-06,-3.78528e-08,1,0.01458,0.01958,0,0.0075,324
-2.33554e-07,-5.98076e-06,-3.77268e-08,1,0.014625,0.019625,0,0.0075,325
-2.33165e-07,-5.98125e-06,-3.76008e-08,1,0.01467,0.01967,0,0.0075,326
-2.32776e-07,-5.98174e-06,-3.74748e-08,1,0.014715,0.019715,0,0.0075,327
-2.32387e-07,-5.98224e-06,-3.73488e-08,1,0.01476,0.01976,0,0.0075,328
-2.31998e-07,-5.98273e-06,-3.72228e-08,1,0.014805,0.019805,0,0.0075,329
-2.31609e-07,-5.98322e-06,-3.70968e-08,1,0.01485,0.01985,0,0.0075,330
-2.3122e-07,-5.98371e-06,-3.69708e-08,1,0.014895,0.019895,0,0.0075,331
-2.30831e-07,-5.9842e-06,-3.68448e-08,1,0.01494,0.01994,0,0.0075,332
-2.30442e-07,-5.98469e-06,-3.67188e-08,1,0.014985,0.019985,0,0.0075,333
-2.30053e-07,-5.98518e-06,-3.65928e-08,1,0.01503,0.02003,0,0.0075,334
-2.29665e-07,-5.98567e-06,-3.64668e-08,1,0.015075,0.020075,0,0.0075,335
-2.29276e-07,-5.98616e-06,-3.63408e-08,1,0.01512,0.02012,0,0.0075,336
-2.28887e-07,-5.98666e-06,-3.62148e-08,1,0.015165,0.020165,0,0.0075,337
-2.28498e-07,-5.98715e-06,-3.60888e-08,1,0.01521,0.02021,0,0.0075,338
-2.28109e-07,-5.98764e-06,-3.59628e-08,1,0.015255,0.020255,0,0.0075,339
-2.2772e-07,-5.98813e-06,-3.58368e-08,1,0.0153,0.0203,0,0.0075,340
-2.27331e-07,-5.98862e-06,-3.57109e-08,1,0.015345,0.020345,0,0.0075,341
-2.26942e-07,-5.98911e-06,-3.55849e-08,1,0.01539,0.02039,0,0.0075,342
-2.26553e-07,-5.9896e-06,-3.54589e-08,1,0.015435,0.020435,0,0.0075,343
-2.26164e-07,-5.99009e-06,-3.53329e-08,1,0.01548,0.02048,0,0.0075,344
-2.25775e-07,-5.99059e-06,-3.52069e-08,1,0.015525,0.020525,0,0.0075,345
-2.25386e-07,-5.99108e-06,-3.50809e-08,1,0.01557,0.02057,0,0.0075,346
-2.24997e-07,-5.99157e-06,-3.49549e-08,1,0.015615,0.020615,0,0.0075,347
-2.24608e-07,-5.99206e-06,-3.48289e-08,1,0.01566,0.02066,0,0.0075,348
-2.24219e-07,-5.99255e-06,-3.47029e-08,1,0.015705,0.020705,0,0.0075,349
-2.2383e-07,-5.99304e-06,-3.45769e-08,1,0.01575,0.02075,0,0.0075,350
-2.23441e-07,-5.99353e-06,-3.44509e-08,1,0.015795,0.020795,0,0.0075,351
-2.23052e-07,-5.99402e-06,-3.43249e-08,1,0.01584,0.02084,0,0.0075,352
-2.22663e-07,-5.99452e-06,-3.41989e-08,1,0.015885,0.020885,0,0.0075,353
-2.22274e-07,-5.99501e-06,-3.40729e-08,1,0.01593,0.02093,0,0.0075,354
-2.21885e-07,-5.9955e-06,-3.39469e-08,1,0.015975,0.020975,0,0.0075,355
-2.21496e-07,-5.99599e-06,-3.38209e-08,1,0.01602,0.02102,0,0.0075,356
-2.21108e-07,-5.99648e-06,-3.36949e-08,1,0.016065,0.021065,0,0.0075,357
-2.20719e-07,-5.99697e-06,-3.35689e-08,1,0.01611,0.02111,0,0.0075,358
-2.2033e-07,-5.99746e-06,-3.34429e-08,1,0.016155,0.021155,0,0.0075,359
-2.19941e-07,-5.99795e-06,-3.33169e-08,1,0.0162,0.0212,0,0.0075,360
-2.19552e-07,-5.99844e-06,-3.31909e-08,1,0.016245,0.021245,0,0.0075,361
-2.19163e-07,-5.99894e-06,-3.30649e-08,1,0.01629,0.02129,0,0.0075,362
-2.18774e-07,-5.99943e-06,-3.29389e-08,1,0.016335,0.021335,0,0.0075,363
-2.18385e-07,-5.99992e-06,-3.28129e-08,1,0.01638,0.02138,0,0.0075,364
-2.17996e-07,-6.00041e-06,-3.26869e-08,1,0.016425,0.021425,0,0.0075,365
-2.17607e-07,-6.0009e-06,-3.25609e-08,1,0.01647,0.02147,0,0.0075,366
-2.17218e-07,-6.00139e-06,-3.24349e-08,1,0.016515,0.021515,0,0.0075,367
-2.16829e-07,-6.00188e-06,-3.23089e-08,1,0.01656,0.02156,0,0.0075,368
-2.1644e-07,-6.00237e-06,-3.21829e-08,1,0.016605,0.021605,0,0.0075,369
-2.16051e-07,-6.00287e-06,-3.20569e-08,1,0.01665,0.02165,0,0.0075,370
-2.15662e-07,-6.00336e-06,-3.19309e-08,1,0.016695,0.021695,0,0.0075,371
-2.15273e-07,-6.00385e-06,-3.18049e-08,1,0.01674,0.02174,0,0.0075,372
-2.14884e-07,-6.00434e-06,-3.16789e-08,1,0.016785,0.021785,0,0.0075,373
-2.14495e-07,-6.00483e-06,-3.15529e-08,1,0.01683,0.02183,0,0.0075,374
-2.14106e-07,-6.00532e-06,-3.14269e-08,1,0.016875,0.021875,0,0.0075,375
-2.13717e-07,-6.00581e-06,-3.13009e-08,1,0.01692,0.02192,0,0.0075,376
-2.13328e-07,-6.0063e-06,-3.11749e-08,1,0.016965,0.021965,0,0.0075,377
-2.12939e-07,-6.0068e-06,-3.10489e-08,1,0.01701,0.02201,0,0.0075,378
-2.12551e-07,-6.00729e-06,-3.09229e-08,1,0.017055,0.022055,0,0.0075,379
-2.12162e-07,-6.00778e-06,-3.07969e-08,1,0.0171,0.0221,0,0.0075,380
-2.11773e-07,-6.00827e-06,-3.06709e-08,1,0.017145,0.022145,0,0.0075,381
-2.11384e-07,-6.00876e-06,-3.05449e-08,1,0.01719,0.02219,0,0.0075,382
-2.10995e-07,-6.00925e-06,-3.04189e-08,1,0.017235,0.022235,0,0.0075,383
-2.10606e-07,-6.00974e-06,-3.02929e-08,1,0.01728,0.02228,0,0.0075,384
-2.10217e-07,-6.01023e-06,-3.01669e-08,1,0.017325,0.022325,0,0.0075,385
-2.09828e-07,-6.01072e-06,-3.00409e-08,1,0.01737,0.02237,0,0.0075,386
-2.09439e-07,-6.01122e-06,-2.99149e-08,1,0.017415,0.022415,0,0.0075,387
-2.0905e-07,-6.01171e-06,-2.97889e-08,1,0.01746,0.02246,0,0.0075,388
-2.08661e-07,-6.0122e-06,-2.96629e-08,1,0.017505,0.022505,0,0.0075,389
-2.08272e-07,-6.01269e-06,-2.95369e-08,1,0.01755,0.02255,0,0.0075,390
-2.07883e-07,-6.01318e-06,-2.94109e-08,1,0.017595,0.022595,0,0.0075,391
-2.07494e-07,-6.01367e-06,-2.92849e-08,1,0.01764,0.02264,0,0.0075,392
-2.07105e-07,-6.01416e-06,-2.91589e-08,1,0.017685,0.022685,0,0.0075,393
-2.06716e-07,-6.01465e-06,-2.90329e-08,1,0.01773,0.02273,0,0.0075,394
-2.06327e-07,-6.01515e-06,-2.89069e-08,1,0.017775,0.022775,0,0.0075,395
-2.05938e-07,-6.01564e-06,-2.8781e-08,1,0.01782,0.02282,0,0.0075,396
-2.05549e-07,-6.01613e-06,-2.8655e-08,1,0.017865,0.022865,0,0.0075,397
-2.0516e-07,-6.01662e-06,-2.8529e-08,1,0.01791,0.02291,0,0.0075,398
-2.04771e-07,-6.01711e-06,-2.8403e-08,1,0.017955,0.022955,0,0.0075,399
-2.04383e-07,-6.0176e-06,-2.8277e-08,1,0.018,0.023,0,0.0075,400
-2.04006e-07,-6.01803e-06,-2.82065e-08,1,0.018045,0.023045,0,0.0075,401
-2.03637e-07,-6.01841e-06,-2.81733e-08,1,0.01809,0.02309,0,0.0075,402
-2.03268e-07,-6.0188e-06,-2.814e-08,1,0.018135,0.023135,0,0.0075,403
-2.029e-07,-6.01918e-06,-2.81068e-08,1,0.01818,0.02318,0,0.0075,404
-2.02531e-07,-6.01956e-06,-2.80736e-08,1,0.018225,0.023225,0,0.0075,405
-2.02163e-07,-6.01995e-06,-2.80403e-08,1,0.01827,0.02327,0,0.0075,406
-2.01794e-07,-6.02033e-06,-2.80071e-08,1,0.018315,0.023315,0,0.0075,407
-2.01425e-07,-6.02072e-06,-2.79739e-08,1,0.01836,0.02336,0,0.0075,408
-2.01057e-07,-6.0211e-06,-2.79407e-08,1,0.018405,0.023405,0,0.0075,409
-2.00688e-07,-6.02148e-06,-2.79074e-08,1,0.01845,0.02345,0,0.0075,410
-2.00319e-07,-6.02187e-06,-2.78742e-08,1,0.018495,0.023495,0,0.0075,411
-1.99951e-07,-6.02225e-06,-2.7841e-08,1,0.01854,0.02354,0,0.0075,412
-1.99582e-07,-6.02264e-06,-2.78077e-08,1,0.018585,0.023585,0,0.0075,413
-1.99213e-07,-6.02302e-06,-2.77745e-08,1,0.01863,0.02363,0,0.0075,414
-1.98845e-07,-6.0234e-06,-2.77413e-08,1,0.018675,0.023675,0,0.0075,415
-1.98476e-07,-6.02379e-06,-2.7708e-08,1,0.01872,0.02372,0,0.0075,416
-1.98107e-07,-6.02417e-06,-2.76748e-08,1,0.018765,0.023765,0,0.0075,417
-1.97739e-07,-6.02456e-06,-2.76416e-08,1,0.01881,0.02381,0,0.0075,418
-1.9737e-07,-6.02494e-06,-2.76083e-08,1,0.018855,0.023855,0,0.0075,419
-1.97002e-07,-6.02532e-06,-2.75751e-08,1,0.0189,0.0239,0,0.0075,420
-1.96633e-07,-6.02571e-06,-2.75419e-08,1,0.018945,0.023945,0,0.0075,421
-1.96264e-07,-6.02609e-06,-2.75086e-08,1,0.01899,0.02399,0,0.0075,422
-1.95896e-07,-6.02648e-06,-2.74754e-08,1,0.019035,0.024035,0,0.0075,423
-1.95527e-07,-6.02686e-06,-2.74422e-08,1,0.01908,0.02408,0,0.0075,424
-1.95158e-07,-6.02724e-06,-2.74089e-08,1,0.019125,0.024125,0,0.0075,425
-1.9479e-07,-6.02763e-06,-2.73757e-08,1,0.01917,0.02417,0,0.0075,426
-1.94421e-07,-6.02801e-06,-2.73425e-08,1,0.019215,0.024215,0,0.0075,427
-1.94052e-07,-6.0284e-06,-2.73092e-08,1,0.01926,0.02426,0,0.0075,428
-1.93684e-07,-6.02878e-06,-2.7276e-08,1,0.019305,0.024305,0,0.0075,429
-1.93315e-07,-6.02916e-06,-2.72428e-08,1,0.01935,0.02435,0,0.0075,430
-1.92947e-07,-6.02955e-06,-2.72096e-08,1,0.019395,0.024395,0,0.0075,431
-1.92578e-07,-6.02993e-06,-2.71763e-08,1,0.01944,0.02444,0,0.0075,432
-1.92209e-07,-6.03031e-06,-2.71431e-08,1,0.019485,0.024485,0,0.0075,433
-1.91841e-07,-6.0307e-06,-2.71099e-08,1,0.01953,0.02453,0,0.0075,434
-1.91472e-07,-6.03108e-06,-2.70766e-08,1,0.019575,0.024575,0,0.0075,435
-1.91103e-07,-6.03147e-06,-2.70434e-08,1,0.01962,0.02462,0,0.0075,436
-1.90735e-07,-6.03185e-06,-2.70102e-08,1,0.019665,0.024665,0,0.0075,437
-1.90366e-07,-6.03223e-06,-2.69769e-08,1,0.01971,0.02471,0,0.0075,438
-1.89997e-07,-6.03262e-06,-2.69437e-08,1,0.019755,0.024755,0,0.0075,439
-1.89629e-07,-6.033e-06,-2.69105e-08,1,0.0198,0.0248,0,0.0075,440
-1.8926e-07,-6.03339e-06,-2.68772e-08,1,0.019845,0.024845,0,0.0075,441
-1.88891e-07,-6.03377e-06,-2.6844e-08,1,0.01989,0.02489,0,0.0075,442
-1.88523e-07,-6.03415e-06,-2.68108e-08,1,0.019935,0.024935,0,0.0075,443
-1.88154e-07,-6.03454e-06,-2.67775e-08,1,0.01998,0.02498,0,0.0075,444
-1.87786e-07,-6.03492e-06,-2.67443e-08,1,0.020025,0.025025,0,0.0075,445
-1.87417e-07,-6.03531e-06,-2.67111e-08,1,0.02007,0.02507,0,0.0075,446
-1.87048e-07,-6.03569e-06,-2.66778e-08,1,0.020115,0.025115,0,0.0075,447
-1.8668e-07,-6.03607e-06,-2.66446e-08,1,0.02016,0.02516,0,0.0075,448
-1.86311e-07,-6.03646e-06,-2.66114e-08,1,0.020205,0.025205,0,0.0075,449
-1.85942e-07,-6.03684e-06,-2.65781e-08,1,0.02025,0.02525,0,0.0075,450
-1.85574e-07,-6.03723e-06,-2.65449e-08,1,0.020295,0.025295,0,0.0075,451
-1.85205e-07,-6.03761e-06,-2.65117e-08,1,0.02034,0.02534,0,0.0075,452
-1.84836e-07,-6.03799e-06,-2.64784e-08,1,0.020385,0.025385,0,0.0075,453
-1.84468e-07,-6.03838e-06,-2.64452e-08,1,0.02043,0.02543,0,0.0075,454
-1.84099e-07,-6.03876e-06,-2.6412e-08,1,0.020475,0.025475,0,0.0075,455
-1.83731e-07,-6.03914e-06,-2.63788e-08,1,0.02052,0.02552,0,0.0075,456
-1.83362e-07,-6.03953e-06,-2.63455e-08,1,0.020565,0.025565,0,0.0075,457
-1.82993e-07,-6.03991e-06,-2.63123e-08,1,0.02061,0.02561,0,0.0075,458
-1.82625e-07,-6.0403e-06,-2.62791e-08,1,0.020655,0.025655,0,0.0075,459
-1.82256e-07,-6.04068e-06,-2.62458e-08,1,0.0207,0.0257,0,0.0075,460
-1.81887e-07,-6.04106e-06,-2.62126e-08,1,0.020745,0.025745,0,0.0075,461
-1.81519e-07,-6.04145e-06,-2.61794e-08,1,0.02079,0.02579,0,0.0075,462
-1.8115e-07,-6.04183e-06,-2.61461e-08,1,0.020835,0.025835,0,0.0075,463
-1.80781e-07,-6.04222e-06,-2.61129e-08,1,0.02088,0.02588,0,0.0075,464
-1.80413e-07,-6.0426e-06,-2.60797e-08,1,0.020925,0.025925,0,0.0075,465
-1.80044e-07,-6.04298e-06,-2.60464e-08,1,0.02097,0.02597,0,0.0075,466
-1.79675e-07,-6.04337e-06,-2.60132e-08,1,0.021015,0.026015,0,0.0075,467
-1.79307e-07,-6.04375e-06,-2.598e-08,1,0.02106,0.02606,0,0.0075,468
-1.78938e-07,-6.04414e-06,-2.59467e-08,1,0.021105,0.026105,0,0.0075,469
-1.7857e-07,-6.04452e-06,-2.59135e-08,1,0.02115,0.02615,0,0.0075,470
-1.78201e-07,-6.0449e-06,-2.58803e-08,1,0.021195,0.026195,0,0.0075,471
-1.77832e-07,-6.04529e-06,-2.5847e-08,1,0.02124,0.02624,0,0.0075,472
-1.77464e-07,-6.04567e-06,-2.58138e-08,1,0.021285,0.026285,0,0.0075,473
-1.77095e-07,-6.04606e-06,-2.57806e-08,1,0.02133,0.02633,0,0.0075,474
-1.76726e-07,-6.04644e-06,-2.57473e-08,1,0.021375,0.026375,0,0.0075,475
-1.76358e-07,-6.04682e-06,-2.57141e-08,1,0.02142,0.02642,0,0.0075,476
-1.75989e-07,-6.04721e-06,-2.56809e-08,1,0.021465,0.026465,0,0.0075,477
-1.7562e-07,-6.04759e-06,-2.56476e-08,1,0.02151,0.02651,0,0.0075,478
-1.75252e-07,-6.04798e-06,-2.56144e-08,1,0.021555,0.026555,0,0.0075,479
-1.74883e-07,-6.04836e-06,-2.55812e-08,1,0.0216,0.0266,0,0.0075,480
-1.74514e-07,-6.04874e-06,-2.5548e-08,1,0.021645,0.026645,0,0.0075,481
-1.74146e-07,-6.04913e-06,-2.55147e-08,1,0.02169,0.02669,0,0.0075,482
-1.73777e-07,-6.04951e-06,-2.54815e-08,1,0.021735,0.026735,0,0.0075,483
-1.73409e-07,-6.0499e-06,-2.54483e-08,1,0.02178,0.02678,0,0.0075,484
-1.7304e-07,-6.05028e-06,-2.5415e-08,1,0.021825,0.026825,0,0.0075,485
-1.72671e-07,-6.05066e-06,-2.53818e-08,1,0.02187,0.02687,0,0.0075,486
-1.72303e-07,-6.05105e-06,-2.53486e-08,1,0.021915,0.026915,0,0.0075,487
-1.71934e-07,-6.05143e-06,-2.53153e-08,1,0.02196,0.02696,0,0.0075,488
-1.71565e-07,-6.05181e-06,-2.52821e-08,1,0.022005,0.027005,0,0.0075,489
-1.71197e-07,-6.0522e-06,-2.52489e-08,1,0.02205,0.02705,0,0.0075,490
-1.70828e-07,-6.05258e-06,-2.52156e-08,1,0.022095,0.027095,0,0.0075,491
-1.70459e-07,-6.05297e-06,-2.51824e-08,1,0.02214,0.02714,0,0.0075,492
-1.70091e-07,-6.05335e-06,-2.51492e-08,1,0.022185,0.027185,0,0.0075,493
-1.69722e-07,-6.05373e-06,-2.51159e-08,1,0.02223,0.02723,0,0.0075,494
-1.69354e-07,-6.05412e-06,-2.50827e-08,1,0.022275,0.027275,0,0.0075,495
-1.68985e-07,-6.0545e-06,-2.50495e-08,1,0.02232,0.02732,0,0.0075,496
-1.68616e-07,-6.05489e-06,-2.50162e-08,1,0.022365,0.027365,0,0.0075,497
-1.68248e-07,-6.05527e-06,-2.4983e-08,1,0.02241,0.02741,0,0.0075,498
-1.67879e-07,-6.05565e-06,-2.49498e-08,1,0.022455,0.027455,0,0.0075,499
-1.6751e-07,-6.05604e-06,-2.49165e-08,1,0.0225,0.0275,0,0.0075,500
-1.67142e-07,-6.05642e-06,-2.48833e-08,1,0.022545,0.027545,0,0.0075,501
-1.66773e-07,-6.05681e-06,-2.48501e-08,1,0.02259,0.02759,0,0.0075,502
-1.66404e-07,-6.05719e-06,-2.48169e-08,1,0.022635,0.027635,0,0.0075,503
-1.66036e-07,-6.05757e-06,-2.47836e-08,1,0.02268,0.02768,0,0.0075,504
-1.65667e-07,-6.05796e-06,-2.47504e-08,1,0.022725,0.027725,0,0.0075,505
-1.65299e-07,-6.05834e-06,-2.47172e-08,1,0.02277,0.02777,0,0.0075,506
-1.6493e-07,-6.05873e-06,-2.46839e-08,1,0.022815,0.027815,0,0.0075,507
-1.64561e-07,-6.05911e-06,-2.46507e-08,1,0.02286,0.02786,0,0.0075,508
-1.64193e-07,-6.05949e-06,-2.46175e-08,1,0.022905,0.027905,0,0.0075,509
-1.63824e-07,-6.05988e-06,-2.45842e-08,1,0.02295,0.02795,0,0.0075,510
-1.63455e-07,-6.06026e-06,-2.4551e-08,1,0.022995,0.027995,0,0.0075,511
-1.63087e-07,-6.06064e-06,-2.45178e-08,1,0.02304,0.02804,0,0.0075,512
-1.62718e-07,-6.06103e-06,-2.44845e-08,1,0.023085,0.028085,0,0.0075,513
-1.62349e-07,-6.06141e-06,-2.44513e-08,1,0.02313,0.02813,0,0.0075,514
-1.61981e-07,-6.0618e-06,-2.44181e-08,1,0.023175,0.028175,0,0.0075,515
-1.61612e-07,-6.06218e-06,-2.43848e-08,1,0.02322,0.02822,0,0.0075,516
-1.61243e-07,-6.06256e-06,-2.43516e-08,1,0.023265,0.028265,0,0.0075,517
-1.60875e-07,-6.06295e-06,-2.43184e-08,1,0.02331,0.02831,0,0.0075,518
-1.60506e-07,-6.06333e-06,-2.42851e-08,1,0.023355,0.028355,0,0.0075,519
-1.60138e-07,-6.06372e-06,-2.42519e-08,1,0.0234,0.0284,0,0.0075,520
-1.59769e-07,-6.0641e-06,-2.42187e-08,1,0.023445,0.028445,0,0.0075,521
-1.594e-07,-6.06448e-06,-2.41854e-08,1,0.02349,0.02849,0,0.0075,522
-1.59032e-07,-6.06487e-06,-2.41522e-08,1,0.023535,0.028535,0,0.0075,523
-1.58663e-07,-6.06525e-06,-2.4119e-08,1,0.02358,0.02858,0,0.0075,524
-1.58294e-07,-6.06564e-06,-2.40857e-08,1,0.023625,0.028625,0,0.0075,525
-1.57926e-07,-6.06602e-06,-2.40525e-08,1,0.02367,0.02867,0,0.0075,526
-1.57557e-07,-6.0664e-06,-2.40193e-08,1,0.023715,0.028715,0,0.0075,527
-1.57188e-07,-6.06679e-06,-2.39861e-08,1,0.02376,0.02876,0,0.0075,528
-1.5682e-07,-6.06717e-06,-2.39528e-08,1,0.023805,0.028805,0,0.0075,529
-1.56451e-07,-6.06756e-06,-2.39196e-08,1,0.02385,0.02885,0,0.0075,530
-1.56082e-07,-6.06794e-06,-2.38864e-08,1,0.023895,0.028895,0,0.0075,531
-1.55714e-07,-6.06832e-06,-2.38531e-08,1,0.02394,0.02894,0,0.0075,532
-1.55345e-07,-6.06871e-06,-2.38199e-08,1,0.023985,0.028985,0,0.0075,533
-1.54977e-07,-6.06909e-06,-2.37867e-08,1,0.02403,0.02903,0,0.0075,534
-1.54608e-07,-6.06948e-06,-2.37534e-08,1,0.024075,0.029075,0,0.0075,535
-1.54239e-07,-6.06986e-06,-2.37202e-08,1,0.02412,0.02912,0,0.0075,536
-1.53871e-07,-6.07024e-06,-2.3687e-08,1,0.024165,0.029165,0,0.0075,537
-1.53502e-07,-6.07063e-06,-2.36537e-08,1,0.02421,0.02921,0,0.0075,538
-1.53133e-07,-6.07101e-06,-2.36205e-08,1,0.024255,0.029255,0,0.0075,539
-1.52765e-07,-6.07139e-06,-2.35873e-08,1,0.0243,0.0293,0,0.0075,540
-1.52396e-07,-6.07178e-06,-2.3554e-08,1,0.024345,0.029345,0,0.0075,541
-1.52027e-07,-6.07216e-06,-2.35208e-08,1,0.02439,0.02939,0,0.0075,542
-1.51659e-07,-6.07255e-06,-2.34876e-08,1,0.024435,0.029435,0,0.0075,543
-1.5129e-07,-6.07293e-06,-2.34543e-08,1,0.02448,0.02948,0,0.0075,544
-1.50922e-07,-6.07331e-06,-2.34211e-08,1,0.024525,0.029525,0,0.0075,545
-1.50553e-07,-6.0737e-06,-2.33879e-08,1,0.02457,0.02957,0,0.0075,546
-1.50184e-07,-6.07408e-06,-2.33546e-08,1,0.024615,0.029615,0,0.0075,547
-1.49816e-07,-6.07447e-06,-2.33214e-08,1,0.02466,0.02966,0,0.0075,548
-1.49447e-07,-6.07485e-06,-2.32882e-08,1,0.024705,0.029705,0,0.0075,549
-1.49078e-07,-6.07523e-06,-2.32549e-08,1,0.02475,0.02975,0,0.0075,550
-1.4871e-07,-6.07562e-06,-2.32217e-08,1,0.024795,0.029795,0,0.0075,551
-1.48341e-07,-6.076e-06,-2.31885e-08,1,0.02484,0.02984,0,0.0075,552
-1.47972e-07,-6.07639e-06,-2.31553e-08,1,0.024885,0.029885,0,0.0075,553
-1.47604e-07,-6.07677e-06,-2.3122e-08,1,0.02493,0.02993,0,0.0075,554
-1.47235e-07,-6.07715e-06,-2.30888e-08,1,0.024975,0.029975,0,0.0075,555
-1.46866e-07,-6.07754e-06,-2.30556e-08,1,0.02502,0.03002,0,0.0075,556
-1.46498e-07,-6.07792e-06,-2.30223e-08,1,0.025065,0.030065,0,0.0075,557
-1.46129e-07,-6.07831e-06,-2.29891e-08,1,0.02511,0.03011,0,0.0075,558
-1.45761e-07,-6.07869e-06,-2.29559e-08,1,0.025155,0.030155,0,0.0075,559
-1.45392e-07,-6.07907e-06,-2.29226e-08,1,0.0252,0.0302,0,0.0075,560
-1.45023e-07,-6.07946e-06,-2.28894e-08,1,0.025245,0.030245,0,0.0075,561
-1.44655e-07,-6.07984e-06,-2.28562e-08,1,0.02529,0.03029,0,0.0075,562
-1.44286e-07,-6.08022e-06,-2.28229e-08,1,0.025335,0.030335,0,0.0075,563
-1.43917e-07,-6.08061e-06,-2.27897e-08,1,0.02538,0.03038,0,0.0075,564
-1.43549e-07,-6.08099e-06,-2.27565e-08,1,0.025425,0.030425,0,0.0075,565
-1.4318e-07,-6.08138e-06,-2.27232e-08,1,0.02547,0.03047,0,0.0075,566
-1.42811e-07,-6.08176e-06,-2.269e-08,1,0.025515,0.030515,0,0.0075,567
-1.42443e-07,-6.08214e-06,-2.26568e-08,1,0.02556,0.03056,0,0.0075,568
-1.42074e-07,-6.08253e-06,-2.26235e-08,1,0.025605,0.030605,0,0.0075,569
-1.41706e-07,-6.08291e-06,-2.25903e-08,1,0.02565,0.03065,0,0.0075,570
-1.41337e-07,-6.0833e-06,-2.25571e-08,1,0.025695,0.030695,0,0.0075,571
-1.40968e-07,-6.08368e-06,-2.25238e-08,1,0.02574,0.03074,0,0.0075,572
-1.406e-07,-6.08406e-06,-2.24906e-08,1,0.025785,0.030785,0,0.0075,573
-1.40231e-07,-6.08445e-06,-2.24574e-08,1,0.02583,0.03083,0,0.0075,574
-1.39862e-07,-6.08483e-06,-2.24242e-08,1,0.025875,0.030875,0,0.0075,575
-1.39494e-07,-6.08522e-06,-2.23909e-08,1,0.02592,0.03092,0,0.0075,576
-1.39125e-07,-6.0856e-06,-2.23577e-08,1,0.025965,0.030965,0,0.0075,577
-1.38756e-07,-6.08598e-06,-2.23245e-08,1,0.02601,0.03101,0,0.0075,578
-1.38388e-07,-6.08637e-06,-2.22912e-08,1,0.026055,0.031055,0,0.0075,579
-1.38019e-07,-6.08675e-06,-2.2258e-08,1,0.0261,0.0311,0,0.0075,580
-1.3765e-07,-6.08714e-06,-2.22248e-08,1,0.026145,0.031145,0,0.0075,581
-1.37282e-07,-6.08752e-06,-2.21915e-08,1,0.02619,0.03119,0,0.0075,582
-1.36913e-07,-6.0879e-06,-2.21583e-08,1,0.026235,0.031235,0,0.0075,583
-1.36545e-07,-6.08829e-06,-2.21251e-08,1,0.02628,0.03128,0,0.0075,584
-1.36176e-07,-6.08867e-06,-2.20918e-08,1,0.026325,0.031325,0,0.0075,585
-1.35807e-07,-6.08906e-06,-2.20586e-08,1,0.02637,0.03137,0,0.0075,586
-1.35439e-07,-6.08944e-06,-2.20254e-08,1,0.026415,0.031415,0,0.0075,587
-1.3507e-07,-6.08982e-06,-2.19921e-08,1,0.02646,0.03146,0,0.0075,588
-1.34701e-07,-6.09021e-06,-2.19589e-08,1,0.026505,0.031505,0,0.0075,589
-1.34333e-07,-6.09059e-06,-2.19257e-08,1,0.02655,0.03155,0,0.0075,590
-1.33964e-07,-6.09098e-06,-2.18924e-08,1,0.026595,0.031595,0,0.0075,591
-1.33595e-07,-6.09136e-06,-2.18592e-08,1,0.02664,0.03164,0,0.0075,592
-1.33227e-07,-6.09174e-06,-2.1826e-08,1,0.026685,0.031685,0,0.0075,593
-1.32858e-07,-6.09213e-06,-2.17927e-08,1,0.02673,0.03173,0,0.0075,594
-1.3249e-07,-6.09251e-06,-2.17595e-08,1,0.026775,0.031775,0,0.0075,595
-1.32121e-07,-6.09289e-06,-2.17263e-08,1,0.02682,0.03182,0,0.0075,596
-1.31752e-07,-6.09328e-06,-2.1693e-08,1,0.026865,0.031865,0,0.0075,597
-1.31384e-07,-6.09366e-06,-2.16598e-08,1,0.02691,0.03191,0,0.0075,598
-1.31015e-07,-6.09405e-06,-2.16266e-08,1,0.026955,0.031955,0,0.0075,599
-1.30646e-07,-6.09443e-06,-2.15934e-08,1,0.027,0.032,0,0.0075,600
-1.30278e-07,-6.09481e-06,-2.15601e-08,1,0.027045,0.032045,0,0.0075,601
-1.29909e-07,-6.0952e-06,-2.15269e-08,1,0.02709,0.03209,0,0.0075,602
-1.2954e-07,-6.09558e-06,-2.14937e-08,1,0.027135,0.032135,0,0.0075,603
-1.29172e-07,-6.09597e-06,-2.14604e-08,1,0.02718,0.03218,0,0.0075,604
-1.28803e-07,-6.09635e-06,-2.14272e-08,1,0.027225,0.032225,0,0.0075,605
-1.28434e-07,-6.09673e-06,-2.1394e-08,1,0.02727,0.03227,0,0.0075,606
-1.28066e-07,-6.09712e-06,-2.13607e-08,1,0.027315,0.032315,0,0.0075,607
-1.27697e-07,-6.0975e-06,-2.13275e-08,1,0.02736,0.03236,0,0.0075,608
-1.27329e-07,-6.09789e-06,-2.12943e-08,1,0.027405,0.032405,0,0.0075,609
-1.2696e-07,-6.09827e-06,-2.1261e-08,1,0.02745,0.03245,0,0.0075,610
-1.26591e-07,-6.09865e-06,-2.12278e-08,1,0.027495,0.032495,0,0.0075,611
-1.26223e-07,-6.09904e-06,-2.11946e-08,1,0.02754,0.03254,0,0.0075,612
-1.25854e-07,-6.09942e-06,-2.11613e-08,1,0.027585,0.032585,0,0.0075,613
-1.25485e-07,-6.09981e-06,-2.11281e-08,1,0.02763,0.03263,0,0.0075,614
-1.25117e-07,-6.10019e-06,-2.10949e-08,1,0.027675,0.032675,0,0.0075,615
-1.24748e-07,-6.10057e-06,-2.10616e-08,1,0.02772,0.03272,0,0.0075,616
-1.24379e-07,-6.10096e-06,-2.10284e-08,1,0.027765,0.032765,0,0.0075,617
-1.24011e-07,-6.10134e-06,-2.09952e-08,1,0.02781,0.03281,0,0.0075,618
-1.23642e-07,-6.10172e-06,-2.09619e-08,1,0.027855,0.032855,0,0.0075,619
-1.23273e-07,-6.10211e-06,-2.09287e-08,1,0.0279,0.0329,0,0.0075,620
-1.22905e-07,-6.10249e-06,-2.08955e-08,1,0.027945,0.032945,0,0.0075,621
-1.22536e-07,-6.10288e-06,-2.08623e-08,1,0.02799,0.03299,0,0.0075,622
-1.22168e-07,-6.10326e-06,-2.0829e-08,1,0.028035,0.033035,0,0.0075,623
-1.21799e-07,-6.10364e-06,-2.07958e-08,1,0.02808,0.03308,0,0.0075,624
-1.2143e-07,-6.10403e-06,-2.07626e-08,1,0.028125,0.033125,0,0.0075,625
-1.21062e-07,-6.10441e-06,-2.07293e-08,1,0.02817,0.03317,0,0.0075,626
-1.20693e-07,-6.1048e-06,-2.06961e-08,1,0.028215,0.033215,0,0.0075,627
-1.20324e-07,-6.10518e-06,-2.06629e-08,1,0.02826,0.03326,0,0.0075,628
-1.19956e-07,-6.10556e-06,-2.06296e-08,1,0.028305,0.033305,0,0.0075,629
-1.19587e-07,-6.10595e-06,-2.05964e-08,1,0.02835,0.03335,0,0.0075,630
-1.19218e-07,-6.10633e-06,-2.05632e-08,1,0.028395,0.033395,0,0.0075,631
-1.1885e-07,-6.10672e-06,-2.05299e-08,1,0.02844,0.03344,0,0.0075,632
-1.1851e-07,-6.10693e-06,-2.05033e-08,1,0.028485,0.033485,0,0.0075,633
-1.18187e-07,-6.10704e-06,-2.04806e-08,1,0.02853,0.03353,0,0.0075,634
-1.17864e-07,-6.10716e-06,-2.04578e-08,1,0.028575,0.033575,0,0.0075,635
-1.17542e-07,-6.10727e-06,-2.0435e-08,1,0.02862,0.03362,0,0.0075,636
-1.17219e-07,-6.10738e-06,-2.04122e-08,1,0.028665,0.033665,0,0.0075,637
-1.16896e-07,-6.1075e-06,-2.03894e-08,1,0.02871,0.03371,0,0.0075,638
-1.16573e-07,-6.10761e-06,-2.03666e-08,1,0.028755,0.033755,0,0.0075,639
-1.1625e-07,-6.10772e-06,-2.03438e-08,1,0.0288,0.0338,0,0.0075,640
-1.15927e-07,-6.10784e-06,-2.0321e-08,1,0.028845,0.033845,0,0.0075,641
-1.15604e-07,-6.10795e-06,-2.02982e-08,1,0.02889,0.03389,0,0.0075,642
-1.15281e-07,-6.10806e-06,-2.02754e-08,1,0.028935,0.033935,0,0.0075,643
-1.14958e-07,-6.10818e-06,-2.02527e-08,1,0.02898,0.03398,0,0.0075,644
-1.14635e-07,-6.10829e-06,-2.02299e-08,1,0.029025,0.034025,0,0.0075,645
-1.14312e-07,-6.1084e-06,-2.02071e-08,1,0.02907,0.03407,0,0.0075,646
-1.13989e-07,-6.10852e-06,-2.01843e-08,1,0.029115,0.034115,0,0.0075,647
-1.13667e-07,-6.10863e-06,-2.01615e-08,1,0.02916,0.03416,0,0.0075,648
-1.13344e-07,-6.10874e-06,-2.01387e-08,1,0.029205,0.034205,0,0.0075,649
-1.13021e-07,-6.10886e-06,-2.01159e-08,1,0.02925,0.03425,0,0.0075,650
-1.12698e-07,-6.10897e-06,-2.00931e-08,1,0.029295,0.034295,0,0.0075,651
-1.12375e-07,-6.10909e-06,-2.00703e-08,1,0.02934,0.03434,0,0.0075,652
-1.12052e-07,-6.1092e-06,-2.00475e-08,1,0.029385,0.034385,0,0.0075,653
-1.11729e-07,-6.10931e-06,-2.00247e-08,1,0.02943,0.03443,0,0.0075,654
-1.11406e-07,-6.10943e-06,-2.0002e-08,1,0.029475,0.034475,0,0.0075,655
-1.11083e-07,-6.10954e-06,-1.99792e-08,1,0.02952,0.03452,0,0.0075,656
-1.1076e-07,-6.10965e-06,-1.99564e-08,1,0.029565,0.034565,0,0.0075,657
-1.10437e-07,-6.10977e-06,-1.99336e-08,1,0.02961,0.03461,0,0.0075,658
-1.10114e-07,-6.10988e-06,-1.99108e-08,1,0.029655,0.034655,0,0.0075,659
-1.09792e-07,-6.10999e-06,-1.9888e-08,1,0.0297,0.0347,0,0.0075,660
-1.09469e-07,-6.11011e-06,-1.98652e-08,1,0.029745,0.034745,0,0.0075,661
-1.09146e-07,-6.11022e-06,-1.98424e-08,1,0.02979,0.03479,0,0.0075,662
-1.08823e-07,-6.11033e-06,-1.98196e-08,1,0.029835,0.034835,0,0.0075,663
-1.085e-07,-6.11045e-06,-1.97968e-08,1,0.02988,0.03488,0,0.0075,664
-1.08177e-07,-6.11056e-06,-1.97741e-08,1,0.029925,0.034925,0,0.0075,665
-1.07854e-07,-6.11067e-06,-1.97513e-08,1,0.02997,0.03497,0,0.0075,666
-1.07531e-07,-6.11079e-06,-1.97285e-08,1,0.030015,0.035015,0,0.0075,667
-1.07208e-07,-6.1109e-06,-1.97057e-08,1,0.03006,0.03506,0,0.0075,668
-1.06885e-07,-6.11101e-06,-1.96829e-08,1,0.030105,0.035105,0,0.0075,669
-1.06562e-07,-6.11113e-06,-1.96601e-08,1,0.03015,0.03515,0,0.0075,670
-1.06239e-07,-6.11124e-06,-1.96373e-08,1,0.030195,0.035195,0,0.0075,671
-1.05917e-07,-6.11136e-06,-1.96145e-08,1,0.03024,0.03524,0,0.0075,672
-1.05594e-07,-6.11147e-06,-1.95917e-08,1,0.030285,0.035285,0,0.0075,673
-1.05271e-07,-6.11158e-06,-1.95689e-08,1,0.03033,0.03533,0,0.0075,674
-1.04948e-07,-6.1117e-06,-1.95462e-08,1,0.030375,0.035375,0,0.0075,675
-1.04625e-07,-6.11181e-06,-1.95234e-08,1,0.03042,0.03542,0,0.0075,676
-1.04302e-07,-6.11192e-06,-1.95006e-08,1,0.030465,0.035465,0,0.0075,677
-1.03979e-07,-6.11204e-06,-1.94778e-08,1,0.03051,0.03551,0,0.0075,678
-1.03656e-07,-6.11215e-06,-1.9455e-08,1,0.030555,0.035555,0,0.0075,679
-1.03333e-07,-6.11226e-06,-1.94322e-08,1,0.0306,0.0356,0,0.0075,680
-1.0301e-07,-6.11238e-06,-1.94094e-08,1,0.030645,0.035645,0,0.0075,681
-1.02687e-07,-6.11249e-06,-1.93866e-08,1,0.03069,0.03569,0,0.0075,682
-1.02364e-07,-6.1126e-06,-1.93638e-08,1,0.030735,0.035735,0,0.0075,683
-1.02042e-07,-6.11272e-06,-1.9341e-08,1,0.03078,0.03578,0,0.0075,684
-1.01719e-07,-6.11283e-06,-1.93183e-08,1,0.030825,0.035825,0,0.0075,685
-1.01396e-07,-6.11294e-06,-1.92955e-08,1,0.03087,0.03587,0,0.0075,686
-1.01073e-07,-6.11306e-06,-1.92727e-08,1,0.030915,0.035915,0,0.0075,687
-1.0075e-07,-6.11317e-06,-1.92499e-08,1,0.03096,0.03596,0,0.0075,688
-1.00427e-07,-6.11329e-06,-1.92271e-08,1,0.031005,0.036005,0,0.0075,689
-1.00104e-07,-6.1134e-06,-1.92043e-08,1,0.03105,0.03605,0,0.0075,690
-9.97811e-08,-6.11351e-06,-1.91815e-08,1,0.031095,0.036095,0,0.0075,691
-9.94582e-08,-6.11363e-06,-1.91587e-08,1,0.03114,0.03614,0,0.0075,692
-9.91353e-08,-6.11374e-06,-1.91359e-08,1,0.031185,0.036185,0,0.0075,693
-9.88124e-08,-6.11385e-06,-1.91131e-08,1,0.03123,0.03623,0,0.0075,694
-9.84895e-08,-6.11397e-06,-1.90904e-08,1,0.031275,0.036275,0,0.0075,695
-9.81665e-08,-6.11408e-06,-1.90676e-08,1,0.03132,0.03632,0,0.0075,696
-9.78436e-08,-6.11419e-06,-1.90448e-08,1,0.031365,0.036365,0,0.0075,697
-9.75207e-08,-6.11431e-06,-1.9022e-08,1,0.03141,0.03641,0,0.0075,698
-9.71978e-08,-6.11442e-06,-1.89992e-08,1,0.031455,0.036455,0,0.0075,699
-9.68749e-08,-6.11453e-06,-1.89764e-08,1,0.0315,0.0365,0,0.0075,700
-9.6552e-08,-6.11465e-06,-1.89536e-08,1,0.031545,0.036545,0,0.0075,701
-9.62291e-08,-6.11476e-06,-1.89308e-08,1,0.03159,0.03659,0,0.0075,702
-9.59061e-08,-6.11487e-06,-1.8908e-08,1,0.031635,0.036635,0,0.0075,703
-9.55832e-08,-6.11499e-06,-1.88852e-08,1,0.03168,0.03668,0,0.0075,704
-9.52603e-08,-6.1151e-06,-1.88625e-08,1,0.031725,0.036725,0,0.0075,705
-9.49374e-08,-6.11521e-06,-1.88397e-08,1,0.03177,0.03677,0,0.0075,706
-9.46145e-08,-6.11533e-06,-1.88169e-08,1,0.031815,0.036815,0,0.0075,707
-9.42916e-08,-6.11544e-06,-1.87941e-08,1,0.03186,0.03686,0,0.0075,708
-9.39686e-08,-6.11556e-06,-1.87713e-08,1,0.031905,0.036905,0,0.0075,709
-9.36457e-08,-6.11567e-06,-1.87485e-08,1,0.03195,0.03695,0,0.0075,710
-9.33228e-08,-6.11578e-06,-1.87257e-08,1,0.031995,0.036995,0,0.0075,711
-9.29999e-08,-6.1159e-06,-1.87029e-08,1,0.03204,0.03704,0,0.0075,712
-9.2677e-08,-6.11601e-06,-1.86801e-08,1,0.032085,0.037085,0,0.0075,713
-9.2354e-08,-6.11612e-06,-1.86573e-08,1,0.03213,0.03713,0,0.0075,714
-9.20311e-08,-6.11624e-06,-1.86345e-08,1,0.032175,0.037175,0,0.0075,715
-9.17082e-08,-6.11635e-06,-1.86118e-08,1,0.03222,0.03722,0,0.0075,716
-9.13853e-08,-6.11646e-06,-1.8589e-08,1,0.032265,0.037265,0,0.0075,717
-9.10624e-08,-6.11658e-06,-1.85662e-08,1,0.03231,0.03731,0,0.0075,718
-9.07395e-08,-6.11669e-06,-1.85434e-08,1,0.032355,0.037355,0,0.0075,719
-9.04166e-08,-6.1168e-06,-1.85206e-08,1,0.0324,0.0374,0,0.0075,720
-9.00936e-08,-6.11692e-06,-1.84978e-08,1,0.032445,0.037445,0,0.0075,721
-8.97707e-08,-6.11703e-06,-1.8475e-08,1,0.03249,0.03749,0,0.0075,722
-8.94478e-08,-6.11714e-06,-1.84522e-08,1,0.032535,0.037535,0,0.0075,723
-8.91249e-08,-6.11726e-06,-1.84294e-08,1,0.03258,0.03758,0,0.0075,724
-8.8802e-08,-6.11737e-06,-1.84066e-08,1,0.032625,0.037625,0,0.0075,725
-8.8479e-08,-6.11749e-06,-1.83839e-08,1,0.03267,0.03767,0,0.0075,726
-8.81561e-08,-6.1176e-06,-1.83611e-08,1,0.032715,0.037715,0,0.0075,727
-8.78332e-08,-6.11771e-06,-1.83383e-08,1,0.03276,0.03776,0,0.0075,728
-8.75103e-08,-6.11783e-06,-1.83155e-08,1,0.032805,0.037805,0,0.0075,729
-8.71874e-08,-6.11794e-06,-1.82927e-08,1,0.03285,0.03785,0,0.0075,730
-8.68645e-08,-6.11805e-06,-1.82699e-08,1,0.032895,0.037895,0,0.0075,731
-8.65416e-08,-6.11817e-06,-1.82471e-08,1,0.03294,0.03794,0,0.0075,732
-8.62186e-08,-6.11828e-06,-1.82243e-08,1,0.032985,0.037985,0,0.0075,733
-8.58957e-08,-6.11839e-06,-1.82015e-08,1,0.03303,0.03803,0,0.0075,734
-8.55728e-08,-6.11851e-06,-1.81787e-08,1,0.033075,0.038075,0,0.0075,735
-8.52499e-08,-6.11862e-06,-1.8156e-08,1,0.03312,0.03812,0,0.0075,736
-8.4927e-08,-6.11873e-06,-1.81332e-08,1,0.033165,0.038165,0,0.0075,737
-8.46041e-08,-6.11885e-06,-1.81104e-08,1,0.03321,0.03821,0,0.0075,738
-8.42811e-08,-6.11896e-06,-1.80876e-08,1,0.033255,0.038255,0,0.0075,739
-8.39582e-08,-6.11907e-06,-1.80648e-08,1,0.0333,0.0383,0,0.0075,740
-8.36353e-08,-6.11919e-06,-1.8042e-08,1,0.033345,0.038345,0,0.0075,741
-8.33124e-08,-6.1193e-06,-1.80192e-08,1,0.03339,0.03839,0,0.0075,742
-8.29895e-08,-6.11941e-06,-1.79964e-08,1,0.033435,0.038435,0,0.0075,743
-8.26666e-08,-6.11953e-06,-1.79736e-08,1,0.03348,0.03848,0,0.0075,744
-8.23436e-08,-6.11964e-06,-1.79508e-08,1,0.033525,0.038525,0,0.0075,745
-8.20207e-08,-6.11976e-06,-1.79281e-08,1,0.03357,0.03857,0,0.0075,746
-8.16978e-08,-6.11987e-06,-1.79053e-08,1,0.033615,0.038615,0,0.0075,747
-8.13749e-08,-6.11998e-06,-1.78825e-08,1,0.03366,0.03866,0,0.0075,748
-8.1052e-08,-6.1201e-06,-1.78597e-08,1,0.033705,0.038705,0,0.0075,749
-8.07291e-08,-6.12021e-06,-1.78369e-08,1,0.03375,0.03875,0,0.0075,750
-8.04061e-08,-6.12032e-06,-1.78141e-08,1,0.033795,0.038795,0,0.0075,751
-8.00832e-08,-6.12044e-06,-1.77913e-08,1,0.03384,0.03884,0,0.0075,752
-7.97603e-08,-6.12055e-06,-1.77685e-08,1,0.033885,0.038885,0,0.0075,753
-7.94374e-08,-6.12066e-06,-1.77457e-08,1,0.03393,0.03893,0,0.0075,754
-7.91145e-08,-6.12078e-06,-1.77229e-08,1,0.033975,0.038975,0,0.0075,755
-7.87916e-08,-6.12089e-06,-1.77002e-08,1,0.03402,0.03902,0,0.0075,756
-7.84687e-08,-6.121e-06,-1.76774e-08,1,0.034065,0.039065,0,0.0075,757
-7.81457e-08,-6.12112e-06,-1.76546e-08,1,0.03411,0.03911,0,0.0075,758
-7.78228e-08,-6.12123e-06,-1.76318e-08,1,0.034155,0.039155,0,0.0075,759
-7.74999e-08,-6.12134e-06,-1.7609e-08,1,0.0342,0.0392,0,0.0075,760
-7.7177e-08,-6.12146e-06,-1.75862e-08,1,0.034245,0.039245,0,0.0075,761
-7.68541e-08,-6.12157e-06,-1.75634e-08,1,0.03429,0.03929,0,0.0075,762
-7.65312e-08,-6.12169e-06,-1.75406e-08,1,0.034335,0.039335,0,0.0075,763
-7.62082e-08,-6.1218e-06,-1.75178e-08,1,0.03438,0.03938,0,0.0075,764
-7.58853e-08,-6.12191e-06,-1.7495e-08,1,0.034425,0.039425,0,0.0075,765
-7.55624e-08,-6.12203e-06,-1.74723e-08,1,0.03447,0.03947,0,0.0075,766
-7.52395e-08,-6.12214e-06,-1.74495e-08,1,0.034515,0.039515,0,0.0075,767
-7.49166e-08,-6.12225e-06,-1.74267e-08,1,0.03456,0.03956,0,0.0075,768
-7.45937e-08,-6.12237e-06,-1.74039e-08,1,0.034605,0.039605,0,0.0075,769
-7.42707e-08,-6.12248e-06,-1.73811e-08,1,0.03465,0.03965,0,0.0075,770
-7.39478e-08,-6.12259e-06,-1.73583e-08,1,0.034695,0.039695,0,0.0075,771
-7.36249e-08,-6.12271e-06,-1.73355e-08,1,0.03474,0.03974,0,0.0075,772
-7.3302e-08,-6.12282e-06,-1.73127e-08,1,0.034785,0.039785,0,0.0075,773
-7.29791e-08,-6.12293e-06,-1.72899e-08,1,0.03483,0.03983,0,0.0075,774
-7.26562e-08,-6.12305e-06,-1.72671e-08,1,0.034875,0.039875,0,0.0075,775
-7.23332e-08,-6.12316e-06,-1.72443e-08,1,0.03492,0.03992,0,0.0075,776
-7.20103e-08,-6.12327e-06,-1.72216e-08,1,0.034965,0.039965,0,0.0075,777
-7.16874e-08,-6.12339e-06,-1.71988e-08,1,0.03501,0.04001,0,0.0075,778
-7.13645e-08,-6.1235e-06,-1.7176e-08,1,0.035055,0.040055,0,0.0075,779
-7.10416e-08,-6.12361e-06,-1.71532e-08,1,0.0351,0.0401,0,0.0075,780
-7.07186e-08,-6.12373e-06,-1.71304e-08,1,0.035145,0.040145,0,0.0075,781
-7.03957e-08,-6.12384e-06,-1.71076e-08,1,0.03519,0.04019,0,0.0075,782
-7.00728e-08,-6.12396e-06,-1.70848e-08,1,0.035235,0.040235,0,0.0075,783
-6.97499e-08,-6.12407e-06,-1.7062e-08,1,0.03528,0.04028,0,0.0075,784
-6.9427e-08,-6.12418e-06,-1.70392e-08,1,0.035325,0.040325,0,0.0075,785
-6.91041e-08,-6.1243e-06,-1.70164e-08,1,0.03537,0.04037,0,0.0075,786
-6.87812e-08,-6.12441e-06,-1.69937e-08,1,0.035415,0.040415,0,0.0075,787
-6.84582e-08,-6.12452e-06,-1.69709e-08,1,0.03546,0.04046,0,0.0075,788
-6.81353e-08,-6.12464e-06,-1.69481e-08,1,0.035505,0.040505,0,0.0075,789
-6.78124e-08,-6.12475e-06,-1.69253e-08,1,0.03555,0.04055,0,0.0075,790
-6.74895e-08,-6.12486e-06,-1.69025e-08,1,0.035595,0.040595,0,0.0075,791
-6.71666e-08,-6.12498e-06,-1.68797e-08,1,0.03564,0.04064,0,0.0075,792
-6.68437e-08,-6.12509e-06,-1.68569e-08,1,0.035685,0.040685,0,0.0075,793
-6.65208e-08,-6.1252e-06,-1.68341e-08,1,0.03573,0.04073,0,0.0075,794
-6.61978e-08,-6.12532e-06,-1.68113e-08,1,0.035775,0.040775,0,0.0075,795
-6.58749e-08,-6.12543e-06,-1.67885e-08,1,0.03582,0.04082,0,0.0075,796
-6.5552e-08,-6.12554e-06,-1.67658e-08,1,0.035865,0.040865,0,0.0075,797
-6.52291e-08,-6.12566e-06,-1.6743e-08,1,0.03591,0.04091,0,0.0075,798
-6.49062e-08,-6.12577e-06,-1.67202e-08,1,0.035955,0.040955,0,0.0075,799
-6.45832e-08,-6.12589e-06,-1.66974e-08,1,0.036,0.041,0,0.0075,800
-6.42603e-08,-6.126e-06,-1.66746e-08,1,0.036045,0.041045,0,0.0075,801
-6.39374e-08,-6.12611e-06,-1.66518e-08,1,0.03609,0.04109,0,0.0075,802
-6.36145e-08,-6.12623e-06,-1.6629e-08,1,0.036135,0.041135,0,0.0075,803
-6.32916e-08,-6.12634e-06,-1.66062e-08,1,0.03618,0.04118,0,0.0075,804
-6.29687e-08,-6.12645e-06,-1.65834e-08,1,0.036225,0.041225,0,0.0075,805
-6.26458e-08,-6.12657e-06,-1.65606e-08,1,0.03627,0.04127,0,0.0075,806
-6.23228e-08,-6.12668e-06,-1.65379e-08,1,0.036315,0.041315,0,0.0075,807
-6.19999e-08,-6.12679e-06,-1.65151e-08,1,0.03636,0.04136,0,0.0075,808
-6.1677e-08,-6.12691e-06,-1.64923e-08,1,0.036405,0.041405,0,0.0075,809
-6.13541e-08,-6.12702e-06,-1.64695e-08,1,0.03645,0.04145,0,0.0075,810
-6.10312e-08,-6.12713e-06,-1.64467e-08,1,0.036495,0.041495,0,0.0075,811
-6.07083e-08,-6.12725e-06,-1.64239e-08,1,0.03654,0.04154,0,0.0075,812
-6.03853e-08,-6.12736e-06,-1.64011e-08,1,0.036585,0.041585,0,0.0075,813
-6.00624e-08,-6.12747e-06,-1.63783e-08,1,0.03663,0.04163,0,0.0075,814
-5.97395e-08,-6.12759e-06,-1.63555e-08,1,0.036675,0.041675,0,0.0075,815
-5.94166e-08,-6.1277e-06,-1.63327e-08,1,0.03672,0.04172,0,0.0075,816
-5.90937e-08,-6.12781e-06,-1.631e-08,1,0.036765,0.041765,0,0.0075,817
-5.87707e-08,-6.12793e-06,-1.62872e-08,1,0.03681,0.04181,0,0.0075,818
-5.84478e-08,-6.12804e-06,-1.62644e-08,1,0.036855,0.041855,0,0.0075,819
-5.81249e-08,-6.12816e-06,-1.62416e-08,1,0.0369,0.0419,0,0.0075,820
-5.7802e-08,-6.12827e-06,-1.62188e-08,1,0.036945,0.041945,0,0.0075,821
-5.74791e-08,-6.12838e-06,-1.6196e-08,1,0.03699,0.04199,0,0.0075,822
-5.71562e-08,-6.1285e-06,-1.61732e-08,1,0.037035,0.042035,0,0.0075,823
-5.68333e-08,-6.12861e-06,-1.61504e-08,1,0.03708,0.04208,0,0.0075,824
-5.65103e-08,-6.12872e-06,-1.61276e-08,1,0.037125,0.042125,0,0.0075,825
-5.61874e-08,-6.12884e-06,-1.61048e-08,1,0.03717,0.04217,0,0.0075,826
-5.58645e-08,-6.12895e-06,-1.60821e-08,1,0.037215,0.042215,0,0.0075,827
-5.55416e-08,-6.12906e-06,-1.60593e-08,1,0.03726,0.04226,0,0.0075,828
-5.52187e-08,-6.12918e-06,-1.60365e-08,1,0.037305,0.042305,0,0.0075,829
-5.48958e-08,-6.12929e-06,-1.60137e-08,1,0.03735,0.04235,0,0.0075,830
-5.45729e-08,-6.1294e-06,-1.59909e-08,1,0.037395,0.042395,0,0.0075,831
-5.42499e-08,-6.12952e-06,-1.59681e-08,1,0.03744,0.04244,0,0.0075,832
-5.3927e-08,-6.12963e-06,-1.59453e-08,1,0.037485,0.042485,0,0.0075,833
-5.36041e-08,-6.12974e-06,-1.59225e-08,1,0.03753,0.04253,0,0.0075,834
-5.32812e-08,-6.12986e-06,-1.58997e-08,1,0.037575,0.042575,0,0.0075,835
-5.29583e-08,-6.12997e-06,-1.58769e-08,1,0.03762,0.04262,0,0.0075,836
-5.26353e-08,-6.13009e-06,-1.58541e-08,1,0.037665,0.042665,0,0.0075,837
-5.23124e-08,-6.1302e-06,-1.58314e-08,1,0.03771,0.04271,0,0.0075,838
-5.19895e-08,-6.13031e-06,-1.58086e-08,1,0.037755,0.042755,0,0.0075,839
-5.16666e-08,-6.13043e-06,-1.57858e-08,1,0.0378,0.0428,0,0.0075,840
-5.13437e-08,-6.13054e-06,-1.5763e-08,1,0.037845,0.042845,0,0.0075,841
-5.10208e-08,-6.13065e-06,-1.57402e-08,1,0.03789,0.04289,0,0.0075,842
-5.06979e-08,-6.13077e-06,-1.57174e-08,1,0.037935,0.042935,0,0.0075,843
-5.03749e-08,-6.13088e-06,-1.56946e-08,1,0.03798,0.04298,0,0.0075,844
-5.0052e-08,-6.13099e-06,-1.56718e-08,1,0.038025,0.043025,0,0.0075,845
-4.97291e-08,-6.13111e-06,-1.5649e-08,1,0.03807,0.04307,0,0.0075,846
-4.94062e-08,-6.13122e-06,-1.56262e-08,1,0.038115,0.043115,0,0.0075,847
-4.90833e-08,-6.13133e-06,-1.56035e-08,1,0.03816,0.04316,0,0.0075,848
-4.87604e-08,-6.13145e-06,-1.55807e-08,1,0.038205,0.043205,0,0.0075,849
-4.84374e-08,-6.13156e-06,-1.55579e-08,1,0.03825,0.04325,0,0.0075,850
-4.81145e-08,-6.13167e-06,-1.55351e-08,1,0.038295,0.043295,0,0.0075,851
-4.77916e-08,-6.13179e-06,-1.55123e-08,1,0.03834,0.04334,0,0.0075,852
-4.74687e-08,-6.1319e-06,-1.54895e-08,1,0.038385,0.043385,0,0.0075,853
-4.71458e-08,-6.13201e-06,-1.54667e-08,1,0.03843,0.04343,0,0.0075,854
-4.68228e-08,-6.13213e-06,-1.54439e-08,1,0.038475,0.043475,0,0.0075,855
-4.64999e-08,-6.13224e-06,-1.54211e-08,1,0.03852,0.04352,0,0.0075,856
-4.6177e-08,-6.13236e-06,-1.53983e-08,1,0.038565,0.043565,0,0.0075,857
-4.58541e-08,-6.13247e-06,-1.53756e-08,1,0.03861,0.04361,0,0.0075,858
-4.55312e-08,-6.13258e-06,-1.53528e-08,1,0.038655,0.043655,0,0.0075,859
-4.52083e-08,-6.1327e-06,-1.533e-08,1,0.0387,0.0437,0,0.0075,860
-4.48854e-08,-6.13281e-06,-1.53072e-08,1,0.038745,0.043745,0,0.0075,861
-4.45624e-08,-6.13292e-06,-1.52844e-08,1,0.03879,0.04379,0,0.0075,862
-4.42395e-08,-6.13304e-06,-1.52616e-08,1,0.038835,0.043835,0,0.0075,863
-4.39166e-08,-6.13315e-06,-1.52388e-08,1,0.03888,0.04388,0,0.0075,864
-4.35937e-08,-6.13326e-06,-1.5216e-08,1,0.038925,0.043925,0,0.0075,865
-4.32708e-08,-6.13338e-06,-1.51932e-08,1,0.03897,0.04397,0,0.0075,866
-4.29479e-08,-6.13349e-06,-1.51704e-08,1,0.039015,0.044015,0,0.0075,867
-4.2625e-08,-6.1336e-06,-1.51477e-08,1,0.03906,0.04406,0,0.0075,868
-4.2302e-08,-6.13372e-06,-1.51249e-08,1,0.039105,0.044105,0,0.0075,869
-4.19791e-08,-6.13383e-06,-1.51021e-08,1,0.03915,0.04415,0,0.0075,870
-4.16562e-08,-6.13394e-06,-1.50793e-08,1,0.039195,0.044195,0,0.0075,871
-4.13333e-08,-6.13406e-06,-1.50565e-08,1,0.03924,0.04424,0,0.0075,872
-4.10104e-08,-6.13417e-06,-1.50337e-08,1,0.039285,0.044285,0,0.0075,873
-4.06874e-08,-6.13429e-06,-1.50109e-08,1,0.03933,0.04433,0,0.0075,874
-4.03645e-08,-6.1344e-06,-1.49881e-08,1,0.039375,0.044375,0,0.0075,875
-4.00416e-08,-6.13451e-06,-1.49653e-08,1,0.03942,0.04442,0,0.0075,876
-3.97187e-08,-6.13463e-06,-1.49425e-08,1,0.039465,0.044465,0,0.0075,877
-3.93958e-08,-6.13474e-06,-1.49198e-08,1,0.03951,0.04451,0,0.0075,878
-3.90729e-08,-6.13485e-06,-1.4897e-08,1,0.039555,0.044555,0,0.0075,879
-3.87499e-08,-6.13497e-06,-1.48742e-08,1,0.0396,0.0446,0,0.0075,880
-3.8427e-08,-6.13508e-06,-1.48514e-08,1,0.039645,0.044645,0,0.0075,881
-3.81041e-08,-6.13519e-06,-1.48286e-08,1,0.03969,0.04469,0,0.0075,882
-3.77812e-08,-6.13531e-06,-1.48058e-08,1,0.039735,0.044735,0,0.0075,883
-3.74583e-08,-6.13542e-06,-1.4783e-08,1,0.03978,0.04478,0,0.0075,884
-3.71354e-08,-6.13553e-06,-1.47602e-08,1,0.039825,0.044825,0,0.0075,885
-3.68125e-08,-6.13565e-06,-1.47374e-08,1,0.03987,0.04487,0,0.0075,886
-3.64895e-08,-6.13576e-06,-1.47146e-08,1,0.039915,0.044915,0,0.0075,887
-3.61666e-08,-6.13587e-06,-1.46919e-08,1,0.03996,0.04496,0,0.0075,888
-3.58437e-08,-6.13599e-06,-1.46691e-08,1,0.040005,0.045005,0,0.0075,889
-3.55208e-08,-6.1361e-06,-1.46463e-08,1,0.04005,0.04505,0,0.0075,890
-3.51979e-08,-6.13621e-06,-1.46235e-08,1,0.040095,0.045095,0,0.0075,891
-3.48749e-08,-6.13633e-06,-1.46007e-08,1,0.04014,0.04514,0,0.0075,892
-3.4552e-08,-6.13644e-06,-1.45779e-08,1,0.040185,0.045185,0,0.0075,893
-3.42291e-08,-6.13656e-06,-1.45551e-08,1,0.04023,0.04523,0,0.0075,894
-3.39062e-08,-6.13667e-06,-1.45323e-08,1,0.040275,0.045275,0,0.0075,895
-3.35833e-08,-6.13678e-06,-1.45095e-08,1,0.04032,0.04532,0,0.0075,896
-3.32604e-08,-6.1369e-06,-1.44867e-08,1,0.040365,0.045365,0,0.0075,897
-3.29375e-08,-6.13701e-06,-1.4464e-08,1,0.04041,0.04541,0,0.0075,898
-3.26145e-08,-6.13712e-06,-1.44412e-08,1,0.040455,0.045455,0,0.0075,899
-3.22916e-08,-6.13724e-06,-1.44184e-08,1,0.0405,0.0455,0,0.0075,900
-3.19687e-08,-6.13735e-06,-1.43956e-08,1,0.040545,0.045545,0,0.0075,901
-3.16458e-08,-6.13746e-06,-1.43728e-08,1,0.04059,0.04559,0,0.0075,902
-3.13229e-08,-6.13758e-06,-1.435e-08,1,0.040635,0.045635,0,0.0075,903
-3.1e-08,-6.13769e-06,-1.43272e-08,1,0.04068,0.04568,0,0.0075,904
-3.06771e-08,-6.1378e-06,-1.43044e-08,1,0.040725,0.045725,0,0.0075,905
-3.03541e-08,-6.13792e-06,-1.42816e-08,1,0.04077,0.04577,0,0.0075,906
-3.00312e-08,-6.13803e-06,-1.42588e-08,1,0.040815,0.045815,0,0.0075,907
-2.97083e-08,-6.13814e-06,-1.4236e-08,1,0.04086,0.04586,0,0.0075,908
-2.93854e-08,-6.13826e-06,-1.42133e-08,1,0.040905,0.045905,0,0.0075,909
-2.90625e-08,-6.13837e-06,-1.41905e-08,1,0.04095,0.04595,0,0.0075,910
-2.87395e-08,-6.13849e-06,-1.41677e-08,1,0.040995,0.045995,0,0.0075,911
-2.84166e-08,-6.1386e-06,-1.41449e-08,1,0.04104,0.04604,0,0.0075,912
-2.80937e-08,-6.13871e-06,-1.41221e-08,1,0.041085,0.046085,0,0.0075,913
-2.77708e-08,-6.13883e-06,-1.40993e-08,1,0.04113,0.04613,0,0.0075,914
-2.74479e-08,-6.13894e-06,-1.40765e-08,1,0.041175,0.046175,0,0.0075,915
-2.7125e-08,-6.13905e-06,-1.40537e-08,1,0.04122,0.04622,0,0.0075,916
-2.6802e-08,-6.13917e-06,-1.40309e-08,1,0.041265,0.046265,0,0.0075,917
-2.64791e-08,-6.13928e-06,-1.40081e-08,1,0.04131,0.04631,0,0.0075,918
-2.61562e-08,-6.13939e-06,-1.39854e-08,1,0.041355,0.046355,0,0.0075,919
-2.58333e-08,-6.13951e-06,-1.39626e-08,1,0.0414,0.0464,0,0.0075,920
-2.55104e-08,-6.13962e-06,-1.39398e-08,1,0.041445,0.046445,0,0.0075,921
-2.51875e-08,-6.13973e-06,-1.3917e-08,1,0.04149,0.04649,0,0.0075,922
-2.48646e-08,-6.13985e-06,-1.38942e-08,1,0.041535,0.046535,0,0.0075,923
-2.45416e-08,-6.13996e-06,-1.38714e-08,1,0.04158,0.04658,0,0.0075,924
-2.42187e-08,-6.14007e-06,-1.38486e-08,1,0.041625,0.046625,0,0.0075,925
-2.38958e-08,-6.14019e-06,-1.38258e-08,1,0.04167,0.04667,0,0.0075,926
-2.35729e-08,-6.1403e-06,-1.3803e-08,1,0.041715,0.046715,0,0.0075,927
-2.325e-08,-6.14041e-06,-1.37802e-08,1,0.04176,0.04676,0,0.0075,928
-2.2927e-08,-6.14053e-06,-1.37575e-08,1,0.041805,0.046805,0,0.0075,929
-2.26041e-08,-6.14064e-06,-1.37347e-08,1,0.04185,0.04685,0,0.0075,930
-2.22812e-08,-6.14076e-06,-1.37119e-08,1,0.041895,0.046895,0,0.0075,931
-2.19583e-08,-6.14087e-06,-1.36891e-08,1,0.04194,0.04694,0,0.0075,932
-2.16354e-08,-6.14098e-06,-1.36663e-08,1,0.041985,0.046985,0,0.0075,933
-2.13125e-08,-6.1411e-06,-1.36435e-08,1,0.04203,0.04703,0,0.0075,934
-2.09896e-08,-6.14121e-06,-1.36207e-08,1,0.042075,0.047075,0,0.0075,935
-2.06666e-08,-6.14132e-06,-1.35979e-08,1,0.04212,0.04712,0,0.0075,936
-2.03437e-08,-6.14144e-06,-1.35751e-08,1,0.042165,0.047165,0,0.0075,937
-2.00208e-08,-6.14155e-06,-1.35523e-08,1,0.04221,0.04721,0,0.0075,938
-1.96979e-08,-6.14166e-06,-1.35296e-08,1,0.042255,0.047255,0,0.0075,939
-1.9375e-08,-6.14178e-06,-1.35068e-08,1,0.0423,0.0473,0,0.0075,940
-1.90521e-08,-6.14189e-06,-1.3484e-08,1,0.042345,0.047345,0,0.0075,941
-1.87292e-08,-6.142e-06,-1.34612e-08,1,0.04239,0.04739,0,0.0075,942
-1.84062e-08,-6.14212e-06,-1.34384e-08,1,0.042435,0.047435,0,0.0075,943
-1.80833e-08,-6.14223e-06,-1.34156e-08,1,0.04248,0.04748,0,0.0075,944
-1.77604e-08,-6.14234e-06,-1.33928e-08,1,0.042525,0.047525,0,0.0075,945
-1.74375e-08,-6.14246e-06,-1.337e-08,1,0.04257,0.04757,0,0.0075,946
-1.71146e-08,-6.14257e-06,-1.33472e-08,1,0.042615,0.047615,0,0.0075,947
-1.67916e-08,-6.14269e-06,-1.33244e-08,1,0.04266,0.04766,0,0.0075,948
-1.64687e-08,-6.1428e-06,-1.33017e-08,1,0.042705,0.047705,0,0.0075,949
-1.61458e-08,-6.14291e-06,-1.32789e-08,1,0.04275,0.04775,0,0.0075,950
-1.58229e-08,-6.14303e-06,-1.32561e-08,1,0.042795,0.047795,0,0.0075,951
-1.55e-08,-6.14314e-06,-1.32333e-08,1,0.04284,0.04784,0,0.0075,952
-1.51771e-08,-6.14325e-06,-1.32105e-08,1,0.042885,0.047885,0,0.0075,953
-1.48541e-08,-6.14337e-06,-1.31877e-08,1,0.04293,0.04793,0,0.0075,954
-1.45312e-08,-6.14348e-06,-1.31649e-08,1,0.042975,0.047975,0,0.0075,955
-1.42083e-08,-6.14359e-06,-1.31421e-08,1,0.04302,0.04802,0,0.0075,956
-1.38854e-08,-6.14371e-06,-1.31193e-08,1,0.043065,0.048065,0,0.0075,957
-1.35625e-08,-6.14382e-06,-1.30965e-08,1,0.04311,0.04811,0,0.0075,958
-1.32396e-08,-6.14393e-06,-1.30738e-08,1,0.043155,0.048155,0,0.0075,959
-1.29167e-08,-6.14405e-06,-1.3051e-08,1,0.0432,0.0482,0,0.0075,960
-1.25937e-08,-6.14416e-06,-1.30282e-08,1,0.043245,0.048245,0,0.0075,961
-1.22708e-08,-6.14427e-06,-1.30054e-08,1,0.04329,0.04829,0,0.0075,962
-1.19479e-08,-6.14439e-06,-1.29826e-08,1,0.043335,0.048335,0,0.0075,963
-1.1625e-08,-6.1445e-06,-1.29598e-08,1,0.04338,0.04838,0,0.0075,964
-1.13021e-08,-6.14461e-06,-1.2937e-08,1,0.043425,0.048425,0,0.0075,965
-1.09791e-08,-6.14473e-06,-1.29142e-08,1,0.04347,0.04847,0,0.0075,966
-1.06562e-08,-6.14484e-06,-1.28914e-08,1,0.043515,0.048515,0,0.0075,967
-1.03333e-08,-6.14496e-06,-1.28686e-08,1,0.04356,0.04856,0,0.0075,968
-1.00104e-08,-6.14507e-06,-1.28458e-08,1,0.043605,0.048605,0,0.0075,969
-9.68749e-09,-6.14518e-06,-1.28231e-08,1,0.04365,0.04865,0,0.0075,970
-9.36456e-09,-6.1453e-06,-1.28003e-08,1,0.043695,0.048695,0,0.0075,971
-9.04166e-09,-6.14541e-06,-1.27775e-08,1,0.04374,0.04874,0,0.0075,972
-8.71874e-09,-6.14552e-06,-1.27547e-08,1,0.043785,0.048785,0,0.0075,973
-8.39581e-09,-6.14564e-06,-1.27319e-08,1,0.04383,0.04883,0,0.0075,974
-8.07291e-09,-6.14575e-06,-1.27091e-08,1,0.043875,0.048875,0,0.0075,975
-7.74998e-09,-6.14586e-06,-1.26863e-08,1,0.04392,0.04892,0,0.0075,976
-7.42708e-09,-6.14598e-06,-1.26635e-08,1,0.043965,0.048965,0,0.0075,977
-7.10416e-09,-6.14609e-06,-1.26407e-08,1,0.04401,0.04901,0,0.0075,978
-6.78125e-09,-6.1462e-06,-1.26179e-08,1,0.044055,0.049055,0,0.0075,979
-6.45833e-09,-6.14632e-06,-1.25952e-08,1,0.0441,0.0491,0,0.0075,980
-6.1354e-09,-6.14643e-06,-1.25724e-08,1,0.044145,0.049145,0,0.0075,981
-5.8125e-09,-6.14654e-06,-1.25496e-08,1,0.04419,0.04919,0,0.0075,982
-5.48957e-09,-6.14666e-06,-1.25268e-08,1,0.044235,0.049235,0,0.0075,983
-5.16667e-09,-6.14677e-06,-1.2504e-08,1,0.04428,0.04928,0,0.0075,984
-4.84375e-09,-6.14689e-06,-1.24812e-08,1,0.044325,0.049325,0,0.0075,985
-4.52082e-09,-6.147e-06,-1.24584e-08,1,0.04437,0.04937,0,0.0075,986
-4.19792e-09,-6.14711e-06,-1.24356e-08,1,0.044415,0.049415,0,0.0075,987
-3.87499e-09,-6.14723e-06,-1.24128e-08,1,0.04446,0.04946,0,0.0075,988
-3.55209e-09,-6.14734e-06,-1.239e-08,1,0.044505,0.049505,0,0.0075,989
-3.22916e-09,-6.14745e-06,-1.23673e-08,1,0.04455,0.04955,0,0.0075,990
-2.90624e-09,-6.14757e-06,-1.23445e-08,1,0.044595,0.049595,0,0.0075,991
-2.58334e-09,-6.14768e-06,-1.23217e-08,1,0.04464,0.04964,0,0.0075,992
-2.26041e-09,-6.14779e-06,-1.22989e-08,1,0.044685,0.049685,0,0.0075,993
-1.93751e-09,-6.14791e-06,-1.22761e-08,1,0.04473,0.04973,0,0.0075,994
-1.61458e-09,-6.14802e-06,-1.22533e-08,1,0.044775,0.049775,0,0.0075,995
-1.29165e-09,-6.14813e-06,-1.22305e-08,1,0.04482,0.04982,0,0.0075,996
-9.68754e-10,-6.14825e-06,-1.22077e-08,1,0.044865,0.049865,0,0.0075,997
-6.45827e-10,-6.14836e-06,-1.21849e-08,1,0.04491,0.04991,0,0.0075,998
-3.22927e-10,-6.14847e-06,-1.21621e-08,1,0.044955,0.049955,0,0.0075,999
0,-6.14859e-06,-1.21394e-08,1,0.045,0.05,0,0.0075,1000
