sigmaEq,uN:0,uN:1,uN:2,vtkValidPointMask,arc_length,Points:0,Points:1,Points:2,Point ID
1.01397e+07,-6.564e-07,-5.36216e-06,-6.98491e-08,1,0,0,0.005,0.0075,0
1.00556e+07,-6.53797e-07,-5.36261e-06,-6.9936e-08,1,4.50001e-05,0,0.005045,0.0075,1
9.97151e+06,-6.51194e-07,-5.36305e-06,-7.00228e-08,1,9.00002e-05,0,0.00509,0.0075,2
9.88739e+06,-6.48591e-07,-5.36349e-06,-7.01097e-08,1,0.000135,0,0.005135,0.0075,3
9.80328e+06,-6.45989e-07,-5.36393e-06,-7.01966e-08,1,0.00018,0,0.00518,0.0075,4
9.71916e+06,-6.43386e-07,-5.36438e-06,-7.02834e-08,1,0.000225,0,0.005225,0.0075,5
9.63505e+06,-6.40783e-07,-5.36482e-06,-7.03703e-08,1,0.00027,0,0.00527,0.0075,6
9.55093e+06,-6.38181e-07,-5.36526e-06,-7.04572e-08,1,0.000315,0,0.005315,0.0075,7
9.46682e+06,-6.35578e-07,-5.3657e-06,-7.0544e-08,1,0.00036,0,0.00536,0.0075,8
9.3827e+06,-6.32975e-07,-5.36614e-06,-7.06309e-08,1,0.000405,0,0.005405,0.0075,9
9.29859e+06,-6.30372e-07,-5.36659e-06,-7.07177e-08,1,0.00045,0,0.00545,0.0075,10
9.21447e+06,-6.2777e-07,-5.36703e-06,-7.08046e-08,1,0.000495,0,0.005495,0.0075,11
9.13036e+06,-6.25167e-07,-5.36747e-06,-7.08915e-08,1,0.00054,0,0.00554,0.0075,12
9.04624e+06,-6.22564e-07,-5.36791e-06,-7.09783e-08,1,0.000585,0,0.005585,0.0075,13
8.96213e+06,-6.19962e-07,-5.36835e-06,-7.10652e-08,1,0.00063,0,0.00563,0.0075,14
8.87801e+06,-6.17359e-07,-5.3688e-06,-7.1152e-08,1,0.000675,0,0.005675,0.0075,15
8.7939e+06,-6.14756e-07,-5.36924e-06,-7.12389e-08,1,0.00072,0,0.00572,0.0075,16
8.70978e+06,-6.12153e-07,-5.36968e-06,-7.13258e-08,1,0.000765,0,0.005765,0.0075,17
8.62567e+06,-6.09551e-07,-5.37012e-06,-7.14126e-08,1,0.00081,0,0.00581,0.0075,18
8.54155e+06,-6.06948e-07,-5.37057e-06,-7.14995e-08,1,0.000855,0,0.005855,0.0075,19
8.45744e+06,-6.04345e-07,-5.37101e-06,-7.15863e-08,1,0.0009,0,0.0059,0.0075,20
8.37332e+06,-6.01743e-07,-5.37145e-06,-7.16732e-08,1,0.000945,0,0.005945,0.0075,21
8.28921e+06,-5.9914e-07,-5.37189e-06,-7.17601e-08,1,0.00099,0,0.00599,0.0075,22
8.20509e+06,-5.96537e-07,-5.37233e-06,-7.18469e-08,1,0.001035,0,0.006035,0.0075,23
8.12098e+06,-5.93934e-07,-5.37278e-06,-7.19338e-08,1,0.00108,0,0.00608,0.0075,24
8.03686e+06,-5.91332e-07,-5.37322e-06,-7.20206e-08,1,0.001125,0,0.006125,0.0075,25
7.95275e+06,-5.88729e-07,-5.37366e-06,-7.21075e-08,1,0.00117,0,0.00617,0.0075,26
7.86863e+06,-5.86126e-07,-5.3741e-06,-7.21944e-08,1,0.001215,0,0.006215,0.0075,27
7.78452e+06,-5.83524e-07,-5.37455e-06,-7.22812e-08,1,0.00126,0,0.00626,0.0075,28
7.7004e+06,-5.80921e-07,-5.37499e-06,-7.23681e-08,1,0.001305,0,0.006305,0.0075,29
7.61629e+06,-5.78318e-07,-5.37543e-06,-7.24549e-08,1,0.00135,0,0.00635,0.0075,30
7.53217e+06,-5.75715e-07,-5.37587e-06,-7.25418e-08,1,0.001395,0,0.006395,0.0075,31
7.44806e+06,-5.73113e-07,-5.37631e-06,-7.26287e-08,1,0.00144,0,0.00644,0.0075,32
7.36394e+06,-5.7051e-07,-5.37676e-06,-7.27155e-08,1,0.001485,0,0.006485,0.0075,33
7.30091e+06,-5.68208e-07,-5.37686e-06,-7.25685e-08,1,0.00153,0,0.00653,0.0075,34
7.24841e+06,-5.66058e-07,-5.37679e-06,-7.23046e-08,1,0.001575,0,0.006575,0.0075,35
7.19591e+06,-5.63907e-07,-5.37673e-06,-7.20407e-08,1,0.00162,0,0.00662,0.0075,36
7.14341e+06,-5.61756e-07,-5.37666e-06,-7.17768e-08,1,0.001665,0,0.006665,0.0075,37
7.09092e+06,-5.59605e-07,-5.3766e-06,-7.15128e-08,1,0.00171,0,0.00671,0.0075,38
7.03842e+06,-5.57454e-07,-5.37653e-06,-7.12489e-08,1,0.001755,0,0.006755,0.0075,39
6.98592e+06,-5.55303e-07,-5.37647e-06,-7.0985e-08,1,0.0018,0,0.0068,0.0075,40
6.93342e+06,-5.53152e-07,-5.3764e-06,-7.07211e-08,1,0.001845,0,0.006845,0.0075,41
6.88093e+06,-5.51001e-07,-5.37633e-06,-7.04571e-08,1,0.00189,0,0.00689,0.0075,42
6.82843e+06,-5.48851e-07,-5.37627e-06,-7.01932e-08,1,0.001935,0,0.006935,0.0075,43
6.77593e+06,-5.467e-07,-5.3762e-06,-6.99293e-08,1,0.00198,0,0.00698,0.0075,44
6.72343e+06,-5.44549e-07,-5.37614e-06,-6.96654e-08,1,0.002025,0,0.007025,0.0075,45
6.67094e+06,-5.42398e-07,-5.37607e-06,-6.94014e-08,1,0.00207,0,0.00707,0.0075,46
6.61844e+06,-5.40247e-07,-5.376e-06,-6.91375e-08,1,0.002115,0,0.007115,0.0075,47
6.56594e+06,-5.38096e-07,-5.37594e-06,-6.88736e-08,1,0.00216,0,0.00716,0.0075,48
6.51344e+06,-5.35945e-07,-5.37587e-06,-6.86097e-08,1,0.002205,0,0.007205,0.0075,49
6.46094e+06,-5.33794e-07,-5.37581e-06,-6.83457e-08,1,0.00225,0,0.00725,0.0075,50
6.40845e+06,-5.31644e-07,-5.37574e-06,-6.80818e-08,1,0.002295,0,0.007295,0.0075,51
6.35595e+06,-5.29493e-07,-5.37568e-06,-6.78179e-08,1,0.00234,0,0.00734,0.0075,52
6.30345e+06,-5.27342e-07,-5.37561e-06,-6.7554e-08,1,0.002385,0,0.007385,0.0075,53
6.25095e+06,-5.25191e-07,-5.37554e-06,-6.729e-08,1,0.00243,0,0.00743,0.0075,54
6.19846e+06,-5.2304e-07,-5.37548e-06,-6.70261e-08,1,0.002475,0,0.007475,0.0075,55
6.14596e+06,-5.20889e-07,-5.37541e-06,-6.67622e-08,1,0.00252,0,0.00752,0.0075,56
6.09346e+06,-5.18738e-07,-5.37535e-06,-6.64983e-08,1,0.002565,0,0.007565,0.0075,57
6.04096e+06,-5.16587e-07,-5.37528e-06,-6.62343e-08,1,0.00261,0,0.00761,0.0075,58
5.98847e+06,-5.14437e-07,-5.37522e-06,-6.59704e-08,1,0.002655,0,0.007655,0.0075,59
5.93597e+06,-5.12286e-07,-5.37515e-06,-6.57065e-08,1,0.0027,0,0.0077,0.0075,60
5.88347e+06,-5.10135e-07,-5.37508e-06,-6.54426e-08,1,0.002745,0,0.007745,0.0075,61
5.83097e+06,-5.07984e-07,-5.37502e-06,-6.51786e-08,1,0.00279,0,0.00779,0.0075,62
5.77848e+06,-5.05833e-07,-5.37495e-06,-6.49147e-08,1,0.002835,0,0.007835,0.0075,63
5.72598e+06,-5.03682e-07,-5.37489e-06,-6.46508e-08,1,0.00288,0,0.00788,0.0075,64
5.67348e+06,-5.01531e-07,-5.37482e-06,-6.43869e-08,1,0.002925,0,0.007925,0.0075,65
5.62098e+06,-4.9938e-07,-5.37475e-06,-6.4123e-08,1,0.00297,0,0.00797,0.0075,66
5.5777e+06,-4.97356e-07,-5.37465e-06,-6.39569e-08,1,0.003015,0,0.008015,0.0075,67
5.55287e+06,-4.95586e-07,-5.37446e-06,-6.39868e-08,1,0.00306,0,0.00806,0.0075,68
5.52803e+06,-4.93816e-07,-5.37427e-06,-6.40166e-08,1,0.003105,0,0.008105,0.0075,69
5.50319e+06,-4.92046e-07,-5.37408e-06,-6.40464e-08,1,0.00315,0,0.00815,0.0075,70
5.47835e+06,-4.90275e-07,-5.37388e-06,-6.40762e-08,1,0.003195,0,0.008195,0.0075,71
5.45351e+06,-4.88505e-07,-5.37369e-06,-6.4106e-08,1,0.00324,0,0.00824,0.0075,72
5.42868e+06,-4.86735e-07,-5.3735e-06,-6.41358e-08,1,0.003285,0,0.008285,0.0075,73
5.40384e+06,-4.84965e-07,-5.37331e-06,-6.41657e-08,1,0.00333,0,0.00833,0.0075,74
5.379e+06,-4.83194e-07,-5.37312e-06,-6.41955e-08,1,0.003375,0,0.008375,0.0075,75
5.35416e+06,-4.81424e-07,-5.37293e-06,-6.42253e-08,1,0.00342,0,0.00842,0.0075,76
5.32932e+06,-4.79654e-07,-5.37274e-06,-6.42551e-08,1,0.003465,0,0.008465,0.0075,77
5.30449e+06,-4.77884e-07,-5.37255e-06,-6.42849e-08,1,0.00351,0,0.00851,0.0075,78
5.27965e+06,-4.76113e-07,-5.37236e-06,-6.43147e-08,1,0.003555,0,0.008555,0.0075,79
5.25481e+06,-4.74343e-07,-5.37217e-06,-6.43446e-08,1,0.0036,0,0.0086,0.0075,80
5.22997e+06,-4.72573e-07,-5.37198e-06,-6.43744e-08,1,0.003645,0,0.008645,0.0075,81
5.20513e+06,-4.70803e-07,-5.37179e-06,-6.44042e-08,1,0.00369,0,0.00869,0.0075,82
5.1803e+06,-4.69032e-07,-5.3716e-06,-6.4434e-08,1,0.003735,0,0.008735,0.0075,83
5.15546e+06,-4.67262e-07,-5.37141e-06,-6.44638e-08,1,0.00378,0,0.00878,0.0075,84
5.13062e+06,-4.65492e-07,-5.37122e-06,-6.44936e-08,1,0.003825,0,0.008825,0.0075,85
5.10578e+06,-4.63722e-07,-5.37103e-06,-6.45235e-08,1,0.00387,0,0.00887,0.0075,86
5.08094e+06,-4.61951e-07,-5.37083e-06,-6.45533e-08,1,0.003915,0,0.008915,0.0075,87
5.0561e+06,-4.60181e-07,-5.37064e-06,-6.45831e-08,1,0.00396,0,0.00896,0.0075,88
5.03127e+06,-4.58411e-07,-5.37045e-06,-6.46129e-08,1,0.004005,0,0.009005,0.0075,89
5.00643e+06,-4.56641e-07,-5.37026e-06,-6.46427e-08,1,0.00405,0,0.00905,0.0075,90
4.98159e+06,-4.5487e-07,-5.37007e-06,-6.46725e-08,1,0.004095,0,0.009095,0.0075,91
4.95675e+06,-4.531e-07,-5.36988e-06,-6.47024e-08,1,0.00414,0,0.00914,0.0075,92
4.93191e+06,-4.5133e-07,-5.36969e-06,-6.47322e-08,1,0.004185,0,0.009185,0.0075,93
4.90708e+06,-4.4956e-07,-5.3695e-06,-6.4762e-08,1,0.00423,0,0.00923,0.0075,94
4.88224e+06,-4.47789e-07,-5.36931e-06,-6.47918e-08,1,0.004275,0,0.009275,0.0075,95
4.8574e+06,-4.46019e-07,-5.36912e-06,-6.48216e-08,1,0.00432,0,0.00932,0.0075,96
4.83256e+06,-4.44249e-07,-5.36893e-06,-6.48514e-08,1,0.004365,0,0.009365,0.0075,97
4.80772e+06,-4.42479e-07,-5.36874e-06,-6.48813e-08,1,0.00441,0,0.00941,0.0075,98
4.78289e+06,-4.40708e-07,-5.36855e-06,-6.49111e-08,1,0.004455,0,0.009455,0.0075,99
4.75805e+06,-4.38938e-07,-5.36836e-06,-6.49409e-08,1,0.0045,0,0.0095,0.0075,100
4.73321e+06,-4.37168e-07,-5.36817e-06,-6.49707e-08,1,0.004545,0,0.009545,0.0075,101
4.70837e+06,-4.35398e-07,-5.36798e-06,-6.50005e-08,1,0.00459,0,0.00959,0.0075,102
4.68353e+06,-4.33627e-07,-5.36778e-06,-6.50303e-08,1,0.004635,0,0.009635,0.0075,103
4.66579e+06,-4.31879e-07,-5.3675e-06,-6.49077e-08,1,0.00468,0,0.00968,0.0075,104
4.65339e+06,-4.30147e-07,-5.36713e-06,-6.46698e-08,1,0.004725,0,0.009725,0.0075,105
4.641e+06,-4.28415e-07,-5.36677e-06,-6.4432e-08,1,0.00477,0,0.00977,0.0075,106
4.62861e+06,-4.26683e-07,-5.3664e-06,-6.41941e-08,1,0.004815,0,0.009815,0.0075,107
4.61621e+06,-4.24951e-07,-5.36604e-06,-6.39563e-08,1,0.00486,0,0.00986,0.0075,108
4.60382e+06,-4.23219e-07,-5.36568e-06,-6.37184e-08,1,0.004905,0,0.009905,0.0075,109
4.59143e+06,-4.21487e-07,-5.36531e-06,-6.34806e-08,1,0.00495,0,0.00995,0.0075,110
4.57903e+06,-4.19755e-07,-5.36495e-06,-6.32427e-08,1,0.004995,0,0.009995,0.0075,111
4.56664e+06,-4.18023e-07,-5.36459e-06,-6.30049e-08,1,0.00504,0,0.01004,0.0075,112
4.55425e+06,-4.16291e-07,-5.36422e-06,-6.2767e-08,1,0.005085,0,0.010085,0.0075,113
4.54185e+06,-4.14559e-07,-5.36386e-06,-6.25292e-08,1,0.00513,0,0.01013,0.0075,114
4.52946e+06,-4.12827e-07,-5.36349e-06,-6.22913e-08,1,0.005175,0,0.010175,0.0075,115
4.51707e+06,-4.11095e-07,-5.36313e-06,-6.20535e-08,1,0.00522,0,0.01022,0.0075,116
4.50467e+06,-4.09362e-07,-5.36277e-06,-6.18156e-08,1,0.005265,0,0.010265,0.0075,117
4.49228e+06,-4.0763e-07,-5.3624e-06,-6.15778e-08,1,0.00531,0,0.01031,0.0075,118
4.47989e+06,-4.05898e-07,-5.36204e-06,-6.13399e-08,1,0.005355,0,0.010355,0.0075,119
4.46749e+06,-4.04166e-07,-5.36167e-06,-6.11021e-08,1,0.0054,0,0.0104,0.0075,120
4.4551e+06,-4.02434e-07,-5.36131e-06,-6.08642e-08,1,0.005445,0,0.010445,0.0075,121
4.44271e+06,-4.00702e-07,-5.36095e-06,-6.06264e-08,1,0.00549,0,0.01049,0.0075,122
4.43031e+06,-3.9897e-07,-5.36058e-06,-6.03886e-08,1,0.005535,0,0.010535,0.0075,123
4.41792e+06,-3.97238e-07,-5.36022e-06,-6.01507e-08,1,0.00558,0,0.01058,0.0075,124
4.40553e+06,-3.95506e-07,-5.35986e-06,-5.99128e-08,1,0.005625,0,0.010625,0.0075,125
4.39313e+06,-3.93774e-07,-5.35949e-06,-5.9675e-08,1,0.00567,0,0.01067,0.0075,126
4.38074e+06,-3.92042e-07,-5.35913e-06,-5.94372e-08,1,0.005715,0,0.010715,0.0075,127
4.36835e+06,-3.9031e-07,-5.35876e-06,-5.91993e-08,1,0.00576,0,0.01076,0.0075,128
4.35596e+06,-3.88578e-07,-5.3584e-06,-5.89615e-08,1,0.005805,0,0.010805,0.0075,129
4.34356e+06,-3.86846e-07,-5.35804e-06,-5.87236e-08,1,0.00585,0,0.01085,0.0075,130
4.33117e+06,-3.85114e-07,-5.35767e-06,-5.84858e-08,1,0.005895,0,0.010895,0.0075,131
4.31878e+06,-3.83382e-07,-5.35731e-06,-5.82479e-08,1,0.00594,0,0.01094,0.0075,132
4.30638e+06,-3.8165e-07,-5.35695e-06,-5.80101e-08,1,0.005985,0,0.010985,0.0075,133
4.29399e+06,-3.79918e-07,-5.35658e-06,-5.77722e-08,1,0.00603,0,0.01103,0.0075,134
4.2816e+06,-3.78186e-07,-5.35622e-06,-5.75344e-08,1,0.006075,0,0.011075,0.0075,135
4.2692e+06,-3.76454e-07,-5.35585e-06,-5.72965e-08,1,0.00612,0,0.01112,0.0075,136
4.25681e+06,-3.74722e-07,-5.35549e-06,-5.70587e-08,1,0.006165,0,0.011165,0.0075,137
4.24442e+06,-3.7299e-07,-5.35513e-06,-5.68208e-08,1,0.00621,0,0.01121,0.0075,138
4.23202e+06,-3.71258e-07,-5.35476e-06,-5.6583e-08,1,0.006255,0,0.011255,0.0075,139
4.21963e+06,-3.69526e-07,-5.3544e-06,-5.63451e-08,1,0.0063,0,0.0113,0.0075,140
4.20724e+06,-3.67794e-07,-5.35403e-06,-5.61073e-08,1,0.006345,0,0.011345,0.0075,141
4.19484e+06,-3.66062e-07,-5.35367e-06,-5.58694e-08,1,0.00639,0,0.01139,0.0075,142
4.18245e+06,-3.6433e-07,-5.35331e-06,-5.56316e-08,1,0.006435,0,0.011435,0.0075,143
4.17006e+06,-3.62598e-07,-5.35294e-06,-5.53937e-08,1,0.00648,0,0.01148,0.0075,144
4.15766e+06,-3.60866e-07,-5.35258e-06,-5.51559e-08,1,0.006525,0,0.011525,0.0075,145
4.14527e+06,-3.59134e-07,-5.35222e-06,-5.4918e-08,1,0.00657,0,0.01157,0.0075,146
4.13288e+06,-3.57401e-07,-5.35185e-06,-5.46802e-08,1,0.006615,0,0.011615,0.0075,147
4.12048e+06,-3.55669e-07,-5.35149e-06,-5.44423e-08,1,0.00666,0,0.01166,0.0075,148
4.10809e+06,-3.53937e-07,-5.35112e-06,-5.42045e-08,1,0.006705,0,0.011705,0.0075,149
4.0957e+06,-3.52205e-07,-5.35076e-06,-5.39666e-08,1,0.00675,0,0.01175,0.0075,150
4.0833e+06,-3.50473e-07,-5.3504e-06,-5.37288e-08,1,0.006795,0,0.011795,0.0075,151
4.07091e+06,-3.48741e-07,-5.35003e-06,-5.34909e-08,1,0.00684,0,0.01184,0.0075,152
4.05852e+06,-3.47009e-07,-5.34967e-06,-5.32531e-08,1,0.006885,0,0.011885,0.0075,153
4.04612e+06,-3.45277e-07,-5.3493e-06,-5.30152e-08,1,0.00693,0,0.01193,0.0075,154
4.03373e+06,-3.43545e-07,-5.34894e-06,-5.27774e-08,1,0.006975,0,0.011975,0.0075,155
4.02134e+06,-3.41813e-07,-5.34858e-06,-5.25395e-08,1,0.00702,0,0.01202,0.0075,156
4.00894e+06,-3.40081e-07,-5.34821e-06,-5.23017e-08,1,0.007065,0,0.012065,0.0075,157
3.99655e+06,-3.38349e-07,-5.34785e-06,-5.20639e-08,1,0.00711,0,0.01211,0.0075,158
3.98416e+06,-3.36617e-07,-5.34749e-06,-5.1826e-08,1,0.007155,0,0.012155,0.0075,159
3.97177e+06,-3.34885e-07,-5.34712e-06,-5.15882e-08,1,0.0072,0,0.0122,0.0075,160
3.95937e+06,-3.33153e-07,-5.34676e-06,-5.13503e-08,1,0.007245,0,0.012245,0.0075,161
3.94834e+06,-3.3148e-07,-5.34641e-06,-5.11588e-08,1,0.00729,0,0.01229,0.0075,162
3.94045e+06,-3.29944e-07,-5.34609e-06,-5.10736e-08,1,0.007335,0,0.012335,0.0075,163
3.93256e+06,-3.28407e-07,-5.34577e-06,-5.09885e-08,1,0.00738,0,0.01238,0.0075,164
3.92466e+06,-3.2687e-07,-5.34545e-06,-5.09033e-08,1,0.007425,0,0.012425,0.0075,165
3.91677e+06,-3.25334e-07,-5.34514e-06,-5.08182e-08,1,0.00747,0,0.01247,0.0075,166
3.90887e+06,-3.23797e-07,-5.34482e-06,-5.0733e-08,1,0.007515,0,0.012515,0.0075,167
3.90098e+06,-3.2226e-07,-5.3445e-06,-5.06478e-08,1,0.00756,0,0.01256,0.0075,168
3.89309e+06,-3.20724e-07,-5.34418e-06,-5.05627e-08,1,0.007605,0,0.012605,0.0075,169
3.88519e+06,-3.19187e-07,-5.34386e-06,-5.04775e-08,1,0.00765,0,0.01265,0.0075,170
3.8773e+06,-3.1765e-07,-5.34354e-06,-5.03924e-08,1,0.007695,0,0.012695,0.0075,171
3.8694e+06,-3.16114e-07,-5.34323e-06,-5.03072e-08,1,0.00774,0,0.01274,0.0075,172
3.86151e+06,-3.14577e-07,-5.34291e-06,-5.02221e-08,1,0.007785,0,0.012785,0.0075,173
3.85361e+06,-3.1304e-07,-5.34259e-06,-5.01369e-08,1,0.00783,0,0.01283,0.0075,174
3.84572e+06,-3.11504e-07,-5.34227e-06,-5.00518e-08,1,0.007875,0,0.012875,0.0075,175
3.83783e+06,-3.09967e-07,-5.34195e-06,-4.99666e-08,1,0.00792,0,0.01292,0.0075,176
3.82993e+06,-3.0843e-07,-5.34164e-06,-4.98814e-08,1,0.007965,0,0.012965,0.0075,177
3.82204e+06,-3.06894e-07,-5.34132e-06,-4.97963e-08,1,0.00801,0,0.01301,0.0075,178
3.81414e+06,-3.05357e-07,-5.341e-06,-4.97111e-08,1,0.008055,0,0.013055,0.0075,179
3.80625e+06,-3.0382e-07,-5.34068e-06,-4.9626e-08,1,0.0081,0,0.0131,0.0075,180
3.79836e+06,-3.02284e-07,-5.34036e-06,-4.95408e-08,1,0.008145,0,0.013145,0.0075,181
3.79046e+06,-3.00747e-07,-5.34004e-06,-4.94557e-08,1,0.00819,0,0.01319,0.0075,182
3.78257e+06,-2.99211e-07,-5.33973e-06,-4.93705e-08,1,0.008235,0,0.013235,0.0075,183
3.77467e+06,-2.97674e-07,-5.33941e-06,-4.92854e-08,1,0.00828,0,0.01328,0.0075,184
3.76678e+06,-2.96137e-07,-5.33909e-06,-4.92002e-08,1,0.008325,0,0.013325,0.0075,185
3.75889e+06,-2.94601e-07,-5.33877e-06,-4.91151e-08,1,0.00837,0,0.01337,0.0075,186
3.75099e+06,-2.93064e-07,-5.33845e-06,-4.90299e-08,1,0.008415,0,0.013415,0.0075,187
3.7431e+06,-2.91527e-07,-5.33813e-06,-4.89447e-08,1,0.00846,0,0.01346,0.0075,188
3.7352e+06,-2.89991e-07,-5.33782e-06,-4.88596e-08,1,0.008505,0,0.013505,0.0075,189
3.72731e+06,-2.88454e-07,-5.3375e-06,-4.87744e-08,1,0.00855,0,0.01355,0.0075,190
3.71942e+06,-2.86917e-07,-5.33718e-06,-4.86893e-08,1,0.008595,0,0.013595,0.0075,191
3.71152e+06,-2.85381e-07,-5.33686e-06,-4.86041e-08,1,0.00864,0,0.01364,0.0075,192
3.70363e+06,-2.83844e-07,-5.33654e-06,-4.8519e-08,1,0.008685,0,0.013685,0.0075,193
3.69573e+06,-2.82307e-07,-5.33623e-06,-4.84338e-08,1,0.00873,0,0.01373,0.0075,194
3.68784e+06,-2.80771e-07,-5.33591e-06,-4.83487e-08,1,0.008775,0,0.013775,0.0075,195
3.67995e+06,-2.79234e-07,-5.33559e-06,-4.82635e-08,1,0.00882,0,0.01382,0.0075,196
3.67205e+06,-2.77697e-07,-5.33527e-06,-4.81783e-08,1,0.008865,0,0.013865,0.0075,197
3.66416e+06,-2.76161e-07,-5.33495e-06,-4.80932e-08,1,0.00891,0,0.01391,0.0075,198
3.65626e+06,-2.74624e-07,-5.33464e-06,-4.8008e-08,1,0.008955,0,0.013955,0.0075,199
3.64837e+06,-2.73087e-07,-5.33432e-06,-4.79229e-08,1,0.009,0,0.014,0.0075,200
3.64048e+06,-2.71551e-07,-5.334e-06,-4.78377e-08,1,0.009045,0,0.014045,0.0075,201
3.63258e+06,-2.70014e-07,-5.33368e-06,-4.77526e-08,1,0.00909,0,0.01409,0.0075,202
3.62469e+06,-2.68477e-07,-5.33336e-06,-4.76674e-08,1,0.009135,0,0.014135,0.0075,203
3.61679e+06,-2.66941e-07,-5.33304e-06,-4.75823e-08,1,0.00918,0,0.01418,0.0075,204
3.6089e+06,-2.65404e-07,-5.33273e-06,-4.74971e-08,1,0.009225,0,0.014225,0.0075,205
3.601e+06,-2.63867e-07,-5.33241e-06,-4.74119e-08,1,0.00927,0,0.01427,0.0075,206
3.59311e+06,-2.62331e-07,-5.33209e-06,-4.73268e-08,1,0.009315,0,0.014315,0.0075,207
3.58522e+06,-2.60794e-07,-5.33177e-06,-4.72416e-08,1,0.00936,0,0.01436,0.0075,208
3.57732e+06,-2.59258e-07,-5.33145e-06,-4.71565e-08,1,0.009405,0,0.014405,0.0075,209
3.56943e+06,-2.57721e-07,-5.33114e-06,-4.70713e-08,1,0.00945,0,0.01445,0.0075,210
3.56153e+06,-2.56184e-07,-5.33082e-06,-4.69862e-08,1,0.009495,0,0.014495,0.0075,211
3.55364e+06,-2.54648e-07,-5.3305e-06,-4.6901e-08,1,0.00954,0,0.01454,0.0075,212
3.54575e+06,-2.53111e-07,-5.33018e-06,-4.68159e-08,1,0.009585,0,0.014585,0.0075,213
3.53785e+06,-2.51574e-07,-5.32986e-06,-4.67307e-08,1,0.00963,0,0.01463,0.0075,214
3.52996e+06,-2.50038e-07,-5.32954e-06,-4.66456e-08,1,0.009675,0,0.014675,0.0075,215
3.52206e+06,-2.48501e-07,-5.32923e-06,-4.65604e-08,1,0.00972,0,0.01472,0.0075,216
3.51417e+06,-2.46964e-07,-5.32891e-06,-4.64752e-08,1,0.009765,0,0.014765,0.0075,217
3.50628e+06,-2.45428e-07,-5.32859e-06,-4.63901e-08,1,0.00981,0,0.01481,0.0075,218
3.49838e+06,-2.43891e-07,-5.32827e-06,-4.63049e-08,1,0.009855,0,0.014855,0.0075,219
3.49049e+06,-2.42354e-07,-5.32795e-06,-4.62198e-08,1,0.0099,0,0.0149,0.0075,220
3.48259e+06,-2.40818e-07,-5.32763e-06,-4.61346e-08,1,0.009945,0,0.014945,0.0075,221
3.4747e+06,-2.39281e-07,-5.32732e-06,-4.60495e-08,1,0.00999,0,0.01499,0.0075,222
3.46681e+06,-2.37744e-07,-5.327e-06,-4.59643e-08,1,0.010035,0,0.015035,0.0075,223
3.45891e+06,-2.36208e-07,-5.32668e-06,-4.58792e-08,1,0.01008,0,0.01508,0.0075,224
3.45102e+06,-2.34671e-07,-5.32636e-06,-4.5794e-08,1,0.010125,0,0.015125,0.0075,225
3.44312e+06,-2.33134e-07,-5.32604e-06,-4.57088e-08,1,0.01017,0,0.01517,0.0075,226
3.43523e+06,-2.31598e-07,-5.32573e-06,-4.56237e-08,1,0.010215,0,0.015215,0.0075,227
3.42734e+06,-2.30061e-07,-5.32541e-06,-4.55385e-08,1,0.01026,0,0.01526,0.0075,228
3.41944e+06,-2.28524e-07,-5.32509e-06,-4.54534e-08,1,0.010305,0,0.015305,0.0075,229
3.41155e+06,-2.26988e-07,-5.32477e-06,-4.53682e-08,1,0.01035,0,0.01535,0.0075,230
3.40365e+06,-2.25451e-07,-5.32445e-06,-4.52831e-08,1,0.010395,0,0.015395,0.0075,231
3.39576e+06,-2.23914e-07,-5.32413e-06,-4.51979e-08,1,0.01044,0,0.01544,0.0075,232
3.38787e+06,-2.22378e-07,-5.32382e-06,-4.51128e-08,1,0.010485,0,0.015485,0.0075,233
3.37997e+06,-2.20841e-07,-5.3235e-06,-4.50276e-08,1,0.01053,0,0.01553,0.0075,234
3.37208e+06,-2.19305e-07,-5.32318e-06,-4.49424e-08,1,0.010575,0,0.015575,0.0075,235
3.36418e+06,-2.17768e-07,-5.32286e-06,-4.48573e-08,1,0.01062,0,0.01562,0.0075,236
3.35629e+06,-2.16231e-07,-5.32254e-06,-4.47721e-08,1,0.010665,0,0.015665,0.0075,237
3.34839e+06,-2.14695e-07,-5.32223e-06,-4.4687e-08,1,0.01071,0,0.01571,0.0075,238
3.3405e+06,-2.13158e-07,-5.32191e-06,-4.46018e-08,1,0.010755,0,0.015755,0.0075,239
3.33261e+06,-2.11621e-07,-5.32159e-06,-4.45167e-08,1,0.0108,0,0.0158,0.0075,240
3.32471e+06,-2.10085e-07,-5.32127e-06,-4.44315e-08,1,0.010845,0,0.015845,0.0075,241
3.31682e+06,-2.08548e-07,-5.32095e-06,-4.43464e-08,1,0.01089,0,0.01589,0.0075,242
3.30892e+06,-2.07011e-07,-5.32063e-06,-4.42612e-08,1,0.010935,0,0.015935,0.0075,243
3.30103e+06,-2.05475e-07,-5.32032e-06,-4.41761e-08,1,0.01098,0,0.01598,0.0075,244
3.29314e+06,-2.03938e-07,-5.32e-06,-4.40909e-08,1,0.011025,0,0.016025,0.0075,245
3.28524e+06,-2.02401e-07,-5.31968e-06,-4.40057e-08,1,0.01107,0,0.01607,0.0075,246
3.27735e+06,-2.00865e-07,-5.31936e-06,-4.39206e-08,1,0.011115,0,0.016115,0.0075,247
3.26945e+06,-1.99328e-07,-5.31904e-06,-4.38354e-08,1,0.01116,0,0.01616,0.0075,248
3.26156e+06,-1.97791e-07,-5.31873e-06,-4.37503e-08,1,0.011205,0,0.016205,0.0075,249
3.25367e+06,-1.96255e-07,-5.31841e-06,-4.36651e-08,1,0.01125,0,0.01625,0.0075,250
3.24577e+06,-1.94718e-07,-5.31809e-06,-4.358e-08,1,0.011295,0,0.016295,0.0075,251
3.23788e+06,-1.93181e-07,-5.31777e-06,-4.34948e-08,1,0.01134,0,0.01634,0.0075,252
3.22998e+06,-1.91645e-07,-5.31745e-06,-4.34097e-08,1,0.011385,0,0.016385,0.0075,253
3.22209e+06,-1.90108e-07,-5.31713e-06,-4.33245e-08,1,0.01143,0,0.01643,0.0075,254
3.21788e+06,-1.88556e-07,-5.3168e-06,-4.31472e-08,1,0.011475,0,0.016475,0.0075,255
3.21384e+06,-1.87003e-07,-5.31646e-06,-4.29658e-08,1,0.01152,0,0.01652,0.0075,256
3.20979e+06,-1.8545e-07,-5.31613e-06,-4.27844e-08,1,0.011565,0,0.016565,0.0075,257
3.20575e+06,-1.83896e-07,-5.31579e-06,-4.2603e-08,1,0.01161,0,0.01661,0.0075,258
3.2017e+06,-1.82343e-07,-5.31545e-06,-4.24216e-08,1,0.011655,0,0.016655,0.0075,259
3.19766e+06,-1.8079e-07,-5.31512e-06,-4.22402e-08,1,0.0117,0,0.0167,0.0075,260
3.19362e+06,-1.79237e-07,-5.31478e-06,-4.20588e-08,1,0.011745,0,0.016745,0.0075,261
3.18957e+06,-1.77684e-07,-5.31445e-06,-4.18774e-08,1,0.01179,0,0.01679,0.0075,262
3.18553e+06,-1.76131e-07,-5.31411e-06,-4.1696e-08,1,0.011835,0,0.016835,0.0075,263
3.18148e+06,-1.74578e-07,-5.31377e-06,-4.15146e-08,1,0.01188,0,0.01688,0.0075,264
3.17744e+06,-1.73025e-07,-5.31344e-06,-4.13332e-08,1,0.011925,0,0.016925,0.0075,265
3.1734e+06,-1.71472e-07,-5.3131e-06,-4.11518e-08,1,0.01197,0,0.01697,0.0075,266
3.16935e+06,-1.69919e-07,-5.31276e-06,-4.09704e-08,1,0.012015,0,0.017015,0.0075,267
3.16531e+06,-1.68366e-07,-5.31243e-06,-4.0789e-08,1,0.01206,0,0.01706,0.0075,268
3.16126e+06,-1.66812e-07,-5.31209e-06,-4.06076e-08,1,0.012105,0,0.017105,0.0075,269
3.15722e+06,-1.65259e-07,-5.31176e-06,-4.04262e-08,1,0.01215,0,0.01715,0.0075,270
3.15317e+06,-1.63706e-07,-5.31142e-06,-4.02448e-08,1,0.012195,0,0.017195,0.0075,271
3.14913e+06,-1.62153e-07,-5.31108e-06,-4.00634e-08,1,0.01224,0,0.01724,0.0075,272
3.14509e+06,-1.606e-07,-5.31075e-06,-3.9882e-08,1,0.012285,0,0.017285,0.0075,273
3.14104e+06,-1.59047e-07,-5.31041e-06,-3.97006e-08,1,0.01233,0,0.01733,0.0075,274
3.137e+06,-1.57494e-07,-5.31007e-06,-3.95192e-08,1,0.012375,0,0.017375,0.0075,275
3.13295e+06,-1.55941e-07,-5.30974e-06,-3.93378e-08,1,0.01242,0,0.01742,0.0075,276
3.12891e+06,-1.54388e-07,-5.3094e-06,-3.91564e-08,1,0.012465,0,0.017465,0.0075,277
3.12487e+06,-1.52835e-07,-5.30907e-06,-3.8975e-08,1,0.01251,0,0.01751,0.0075,278
3.12082e+06,-1.51282e-07,-5.30873e-06,-3.87936e-08,1,0.012555,0,0.017555,0.0075,279
3.11678e+06,-1.49728e-07,-5.30839e-06,-3.86122e-08,1,0.0126,0,0.0176,0.0075,280
3.11273e+06,-1.48175e-07,-5.30806e-06,-3.84308e-08,1,0.012645,0,0.017645,0.0075,281
3.10869e+06,-1.46622e-07,-5.30772e-06,-3.82494e-08,1,0.01269,0,0.01769,0.0075,282
3.10464e+06,-1.45069e-07,-5.30738e-06,-3.8068e-08,1,0.012735,0,0.017735,0.0075,283
3.1006e+06,-1.43516e-07,-5.30705e-06,-3.78866e-08,1,0.01278,0,0.01778,0.0075,284
3.09656e+06,-1.41963e-07,-5.30671e-06,-3.77052e-08,1,0.012825,0,0.017825,0.0075,285
3.09251e+06,-1.4041e-07,-5.30638e-06,-3.75238e-08,1,0.01287,0,0.01787,0.0075,286
3.08847e+06,-1.38857e-07,-5.30604e-06,-3.73424e-08,1,0.012915,0,0.017915,0.0075,287
3.08442e+06,-1.37304e-07,-5.3057e-06,-3.7161e-08,1,0.01296,0,0.01796,0.0075,288
3.08038e+06,-1.35751e-07,-5.30537e-06,-3.69796e-08,1,0.013005,0,0.018005,0.0075,289
3.07634e+06,-1.34198e-07,-5.30503e-06,-3.67982e-08,1,0.01305,0,0.01805,0.0075,290
3.07229e+06,-1.32644e-07,-5.30469e-06,-3.66168e-08,1,0.013095,0,0.018095,0.0075,291
3.06825e+06,-1.31091e-07,-5.30436e-06,-3.64354e-08,1,0.01314,0,0.01814,0.0075,292
3.0642e+06,-1.29538e-07,-5.30402e-06,-3.6254e-08,1,0.013185,0,0.018185,0.0075,293
3.06016e+06,-1.27985e-07,-5.30369e-06,-3.60726e-08,1,0.01323,0,0.01823,0.0075,294
3.05611e+06,-1.26432e-07,-5.30335e-06,-3.58912e-08,1,0.013275,0,0.018275,0.0075,295
3.05207e+06,-1.24879e-07,-5.30301e-06,-3.57098e-08,1,0.01332,0,0.01832,0.0075,296
3.04803e+06,-1.23326e-07,-5.30268e-06,-3.55284e-08,1,0.013365,0,0.018365,0.0075,297
3.04398e+06,-1.21773e-07,-5.30234e-06,-3.5347e-08,1,0.01341,0,0.01841,0.0075,298
3.03994e+06,-1.2022e-07,-5.302e-06,-3.51656e-08,1,0.013455,0,0.018455,0.0075,299
3.03589e+06,-1.18667e-07,-5.30167e-06,-3.49842e-08,1,0.0135,0,0.0185,0.0075,300
3.03185e+06,-1.17114e-07,-5.30133e-06,-3.48028e-08,1,0.013545,0,0.018545,0.0075,301
3.02781e+06,-1.1556e-07,-5.301e-06,-3.46214e-08,1,0.01359,0,0.01859,0.0075,302
3.02376e+06,-1.14007e-07,-5.30066e-06,-3.44399e-08,1,0.013635,0,0.018635,0.0075,303
3.01972e+06,-1.12454e-07,-5.30032e-06,-3.42585e-08,1,0.01368,0,0.01868,0.0075,304
3.01567e+06,-1.10901e-07,-5.29999e-06,-3.40771e-08,1,0.013725,0,0.018725,0.0075,305
3.01163e+06,-1.09348e-07,-5.29965e-06,-3.38957e-08,1,0.01377,0,0.01877,0.0075,306
3.00758e+06,-1.07795e-07,-5.29932e-06,-3.37143e-08,1,0.013815,0,0.018815,0.0075,307
3.00354e+06,-1.06242e-07,-5.29898e-06,-3.35329e-08,1,0.01386,0,0.01886,0.0075,308
2.9995e+06,-1.04689e-07,-5.29864e-06,-3.33515e-08,1,0.013905,0,0.018905,0.0075,309
2.99545e+06,-1.03136e-07,-5.29831e-06,-3.31701e-08,1,0.01395,0,0.01895,0.0075,310
2.99141e+06,-1.01583e-07,-5.29797e-06,-3.29887e-08,1,0.013995,0,0.018995,0.0075,311
2.98736e+06,-1.0003e-07,-5.29763e-06,-3.28073e-08,1,0.01404,0,0.01904,0.0075,312
2.98332e+06,-9.84765e-08,-5.2973e-06,-3.26259e-08,1,0.014085,0,0.019085,0.0075,313
2.97928e+06,-9.69234e-08,-5.29696e-06,-3.24445e-08,1,0.01413,0,0.01913,0.0075,314
2.97523e+06,-9.53703e-08,-5.29662e-06,-3.22631e-08,1,0.014175,0,0.019175,0.0075,315
2.97119e+06,-9.38172e-08,-5.29629e-06,-3.20817e-08,1,0.01422,0,0.01922,0.0075,316
2.96714e+06,-9.22641e-08,-5.29595e-06,-3.19003e-08,1,0.014265,0,0.019265,0.0075,317
2.9631e+06,-9.0711e-08,-5.29562e-06,-3.17189e-08,1,0.01431,0,0.01931,0.0075,318
2.95905e+06,-8.91579e-08,-5.29528e-06,-3.15375e-08,1,0.014355,0,0.019355,0.0075,319
2.95501e+06,-8.76048e-08,-5.29494e-06,-3.13561e-08,1,0.0144,0,0.0194,0.0075,320
2.95097e+06,-8.60517e-08,-5.29461e-06,-3.11747e-08,1,0.014445,0,0.019445,0.0075,321
2.94692e+06,-8.44987e-08,-5.29427e-06,-3.09933e-08,1,0.01449,0,0.01949,0.0075,322
2.94288e+06,-8.29456e-08,-5.29393e-06,-3.08119e-08,1,0.014535,0,0.019535,0.0075,323
2.93883e+06,-8.13924e-08,-5.2936e-06,-3.06305e-08,1,0.01458,0,0.01958,0.0075,324
2.93479e+06,-7.98394e-08,-5.29326e-06,-3.04491e-08,1,0.014625,0,0.019625,0.0075,325
2.93075e+06,-7.82863e-08,-5.29293e-06,-3.02677e-08,1,0.01467,0,0.01967,0.0075,326
2.9267e+06,-7.67332e-08,-5.29259e-06,-3.00863e-08,1,0.014715,0,0.019715,0.0075,327
2.92266e+06,-7.51801e-08,-5.29225e-06,-2.99049e-08,1,0.01476,0,0.01976,0.0075,328
2.91861e+06,-7.3627e-08,-5.29192e-06,-2.97235e-08,1,0.014805,0,0.019805,0.0075,329
2.91457e+06,-7.20739e-08,-5.29158e-06,-2.95421e-08,1,0.01485,0,0.01985,0.0075,330
2.91052e+06,-7.05208e-08,-5.29125e-06,-2.93607e-08,1,0.014895,0,0.019895,0.0075,331
2.90648e+06,-6.89677e-08,-5.29091e-06,-2.91793e-08,1,0.01494,0,0.01994,0.0075,332
2.90244e+06,-6.74147e-08,-5.29057e-06,-2.89979e-08,1,0.014985,0,0.019985,0.0075,333
2.89839e+06,-6.58615e-08,-5.29024e-06,-2.88165e-08,1,0.01503,0,0.02003,0.0075,334
2.89435e+06,-6.43084e-08,-5.2899e-06,-2.86351e-08,1,0.015075,0,0.020075,0.0075,335
2.8903e+06,-6.27554e-08,-5.28956e-06,-2.84537e-08,1,0.01512,0,0.02012,0.0075,336
2.88626e+06,-6.12023e-08,-5.28923e-06,-2.82723e-08,1,0.015165,0,0.020165,0.0075,337
2.88222e+06,-5.96492e-08,-5.28889e-06,-2.80909e-08,1,0.01521,0,0.02021,0.0075,338
2.87817e+06,-5.80961e-08,-5.28856e-06,-2.79095e-08,1,0.015255,0,0.020255,0.0075,339
2.87413e+06,-5.6543e-08,-5.28822e-06,-2.77281e-08,1,0.0153,0,0.0203,0.0075,340
2.87008e+06,-5.49899e-08,-5.28788e-06,-2.75467e-08,1,0.015345,0,0.020345,0.0075,341
2.86604e+06,-5.34368e-08,-5.28755e-06,-2.73653e-08,1,0.01539,0,0.02039,0.0075,342
2.86199e+06,-5.18837e-08,-5.28721e-06,-2.71839e-08,1,0.015435,0,0.020435,0.0075,343
2.85795e+06,-5.03307e-08,-5.28687e-06,-2.70025e-08,1,0.01548,0,0.02048,0.0075,344
2.85391e+06,-4.87775e-08,-5.28654e-06,-2.68211e-08,1,0.015525,0,0.020525,0.0075,345
2.84986e+06,-4.72245e-08,-5.2862e-06,-2.66397e-08,1,0.01557,0,0.02057,0.0075,346
2.84582e+06,-4.56714e-08,-5.28587e-06,-2.64583e-08,1,0.015615,0,0.020615,0.0075,347
2.84177e+06,-4.41183e-08,-5.28553e-06,-2.62769e-08,1,0.01566,0,0.02066,0.0075,348
2.83773e+06,-4.25652e-08,-5.28519e-06,-2.60955e-08,1,0.015705,0,0.020705,0.0075,349
2.83369e+06,-4.10121e-08,-5.28486e-06,-2.59141e-08,1,0.01575,0,0.02075,0.0075,350
2.82964e+06,-3.9459e-08,-5.28452e-06,-2.57327e-08,1,0.015795,0,0.020795,0.0075,351
2.8256e+06,-3.79059e-08,-5.28418e-06,-2.55513e-08,1,0.01584,0,0.02084,0.0075,352
2.82155e+06,-3.63528e-08,-5.28385e-06,-2.53699e-08,1,0.015885,0,0.020885,0.0075,353
2.81751e+06,-3.47998e-08,-5.28351e-06,-2.51885e-08,1,0.01593,0,0.02093,0.0075,354
2.81346e+06,-3.32466e-08,-5.28318e-06,-2.50071e-08,1,0.015975,0,0.020975,0.0075,355
2.80942e+06,-3.16935e-08,-5.28284e-06,-2.48257e-08,1,0.01602,0,0.02102,0.0075,356
2.80538e+06,-3.01405e-08,-5.2825e-06,-2.46443e-08,1,0.016065,0,0.021065,0.0075,357
2.80133e+06,-2.85874e-08,-5.28217e-06,-2.44629e-08,1,0.01611,0,0.02111,0.0075,358
2.79729e+06,-2.70343e-08,-5.28183e-06,-2.42815e-08,1,0.016155,0,0.021155,0.0075,359
2.79324e+06,-2.54812e-08,-5.28149e-06,-2.41001e-08,1,0.0162,0,0.0212,0.0075,360
2.7892e+06,-2.39281e-08,-5.28116e-06,-2.39187e-08,1,0.016245,0,0.021245,0.0075,361
2.78516e+06,-2.2375e-08,-5.28082e-06,-2.37373e-08,1,0.01629,0,0.02129,0.0075,362
2.78111e+06,-2.08219e-08,-5.28049e-06,-2.35559e-08,1,0.016335,0,0.021335,0.0075,363
2.77707e+06,-1.92688e-08,-5.28015e-06,-2.33745e-08,1,0.01638,0,0.02138,0.0075,364
2.77302e+06,-1.77158e-08,-5.27981e-06,-2.31931e-08,1,0.016425,0,0.021425,0.0075,365
2.76898e+06,-1.61626e-08,-5.27948e-06,-2.30117e-08,1,0.01647,0,0.02147,0.0075,366
2.76493e+06,-1.46095e-08,-5.27914e-06,-2.28303e-08,1,0.016515,0,0.021515,0.0075,367
2.76089e+06,-1.30565e-08,-5.2788e-06,-2.26489e-08,1,0.01656,0,0.02156,0.0075,368
2.75685e+06,-1.15034e-08,-5.27847e-06,-2.24675e-08,1,0.016605,0,0.021605,0.0075,369
2.7528e+06,-9.95031e-09,-5.27813e-06,-2.22861e-08,1,0.01665,0,0.02165,0.0075,370
2.74876e+06,-8.39716e-09,-5.2778e-06,-2.21047e-08,1,0.016695,0,0.021695,0.0075,371
2.74471e+06,-6.84408e-09,-5.27746e-06,-2.19233e-08,1,0.01674,0,0.02174,0.0075,372
2.74067e+06,-5.29101e-09,-5.27712e-06,-2.17419e-08,1,0.016785,0,0.021785,0.0075,373
2.73663e+06,-3.73793e-09,-5.27679e-06,-2.15605e-08,1,0.01683,0,0.02183,0.0075,374
2.73258e+06,-2.18485e-09,-5.27645e-06,-2.13791e-08,1,0.016875,0,0.021875,0.0075,375
2.72854e+06,-6.31706e-10,-5.27611e-06,-2.11977e-08,1,0.01692,0,0.02192,0.0075,376
2.72449e+06,9.21372e-10,-5.27578e-06,-2.10163e-08,1,0.016965,0,0.021965,0.0075,377
2.72045e+06,2.47445e-09,-5.27544e-06,-2.08349e-08,1,0.01701,0,0.02201,0.0075,378
2.7164e+06,4.02753e-09,-5.27511e-06,-2.06535e-08,1,0.017055,0,0.022055,0.0075,379
2.71236e+06,5.58061e-09,-5.27477e-06,-2.04721e-08,1,0.0171,0,0.0221,0.0075,380
2.70832e+06,7.13369e-09,-5.27443e-06,-2.02907e-08,1,0.017145,0,0.022145,0.0075,381
2.70427e+06,8.68683e-09,-5.2741e-06,-2.01092e-08,1,0.01719,0,0.02219,0.0075,382
2.70023e+06,1.02399e-08,-5.27376e-06,-1.99278e-08,1,0.017235,0,0.022235,0.0075,383
2.69618e+06,1.1793e-08,-5.27342e-06,-1.97464e-08,1,0.01728,0,0.02228,0.0075,384
2.69214e+06,1.33461e-08,-5.27309e-06,-1.95651e-08,1,0.017325,0,0.022325,0.0075,385
2.6881e+06,1.48991e-08,-5.27275e-06,-1.93837e-08,1,0.01737,0,0.02237,0.0075,386
2.68405e+06,1.64523e-08,-5.27242e-06,-1.92022e-08,1,0.017415,0,0.022415,0.0075,387
2.68001e+06,1.80054e-08,-5.27208e-06,-1.90208e-08,1,0.01746,0,0.02246,0.0075,388
2.67596e+06,1.95584e-08,-5.27174e-06,-1.88394e-08,1,0.017505,0,0.022505,0.0075,389
2.67192e+06,2.11115e-08,-5.27141e-06,-1.8658e-08,1,0.01755,0,0.02255,0.0075,390
2.66787e+06,2.26646e-08,-5.27107e-06,-1.84766e-08,1,0.017595,0,0.022595,0.0075,391
2.66383e+06,2.42177e-08,-5.27073e-06,-1.82952e-08,1,0.01764,0,0.02264,0.0075,392
2.65979e+06,2.57708e-08,-5.2704e-06,-1.81138e-08,1,0.017685,0,0.022685,0.0075,393
2.65574e+06,2.73239e-08,-5.27006e-06,-1.79324e-08,1,0.01773,0,0.02273,0.0075,394
2.6517e+06,2.8877e-08,-5.26973e-06,-1.7751e-08,1,0.017775,0,0.022775,0.0075,395
2.64765e+06,3.04301e-08,-5.26939e-06,-1.75696e-08,1,0.01782,0,0.02282,0.0075,396
2.64361e+06,3.19832e-08,-5.26905e-06,-1.73882e-08,1,0.017865,0,0.022865,0.0075,397
2.63957e+06,3.35363e-08,-5.26872e-06,-1.72068e-08,1,0.01791,0,0.02291,0.0075,398
2.63552e+06,3.50894e-08,-5.26838e-06,-1.70254e-08,1,0.017955,0,0.022955,0.0075,399
2.63148e+06,3.66424e-08,-5.26804e-06,-1.6844e-08,1,0.018,0,0.023,0.0075,400
2.62992e+06,3.81765e-08,-5.26778e-06,-1.67148e-08,1,0.018045,0,0.023045,0.0075,401
2.63004e+06,3.96978e-08,-5.26755e-06,-1.66206e-08,1,0.01809,0,0.02309,0.0075,402
2.63016e+06,4.12191e-08,-5.26733e-06,-1.65263e-08,1,0.018135,0,0.023135,0.0075,403
2.63028e+06,4.27404e-08,-5.26711e-06,-1.64321e-08,1,0.01818,0,0.02318,0.0075,404
2.63039e+06,4.42617e-08,-5.26688e-06,-1.63378e-08,1,0.018225,0,0.023225,0.0075,405
2.63051e+06,4.57829e-08,-5.26666e-06,-1.62436e-08,1,0.01827,0,0.02327,0.0075,406
2.63062e+06,4.73042e-08,-5.26644e-06,-1.61493e-08,1,0.018315,0,0.023315,0.0075,407
2.63074e+06,4.88255e-08,-5.26621e-06,-1.60551e-08,1,0.01836,0,0.02336,0.0075,408
2.63086e+06,5.03468e-08,-5.26599e-06,-1.59608e-08,1,0.018405,0,0.023405,0.0075,409
2.63098e+06,5.18681e-08,-5.26577e-06,-1.58666e-08,1,0.01845,0,0.02345,0.0075,410
2.63109e+06,5.33894e-08,-5.26555e-06,-1.57723e-08,1,0.018495,0,0.023495,0.0075,411
2.63121e+06,5.49107e-08,-5.26532e-06,-1.56781e-08,1,0.01854,0,0.02354,0.0075,412
2.63133e+06,5.6432e-08,-5.2651e-06,-1.55838e-08,1,0.018585,0,0.023585,0.0075,413
2.63144e+06,5.79533e-08,-5.26488e-06,-1.54896e-08,1,0.01863,0,0.02363,0.0075,414
2.63156e+06,5.94746e-08,-5.26465e-06,-1.53953e-08,1,0.018675,0,0.023675,0.0075,415
2.63168e+06,6.09958e-08,-5.26443e-06,-1.53011e-08,1,0.01872,0,0.02372,0.0075,416
2.63179e+06,6.25171e-08,-5.26421e-06,-1.52068e-08,1,0.018765,0,0.023765,0.0075,417
2.63191e+06,6.40385e-08,-5.26398e-06,-1.51126e-08,1,0.01881,0,0.02381,0.0075,418
2.63203e+06,6.55597e-08,-5.26376e-06,-1.50184e-08,1,0.018855,0,0.023855,0.0075,419
2.63214e+06,6.7081e-08,-5.26354e-06,-1.49241e-08,1,0.0189,0,0.0239,0.0075,420
2.63226e+06,6.86023e-08,-5.26331e-06,-1.48299e-08,1,0.018945,0,0.023945,0.0075,421
2.63238e+06,7.01236e-08,-5.26309e-06,-1.47356e-08,1,0.01899,0,0.02399,0.0075,422
2.63249e+06,7.16449e-08,-5.26287e-06,-1.46414e-08,1,0.019035,0,0.024035,0.0075,423
2.63261e+06,7.31662e-08,-5.26264e-06,-1.45471e-08,1,0.01908,0,0.02408,0.0075,424
2.63273e+06,7.46875e-08,-5.26242e-06,-1.44529e-08,1,0.019125,0,0.024125,0.0075,425
2.63284e+06,7.62087e-08,-5.2622e-06,-1.43586e-08,1,0.01917,0,0.02417,0.0075,426
2.63296e+06,7.773e-08,-5.26197e-06,-1.42644e-08,1,0.019215,0,0.024215,0.0075,427
2.63308e+06,7.92513e-08,-5.26175e-06,-1.41701e-08,1,0.01926,0,0.02426,0.0075,428
2.63319e+06,8.07726e-08,-5.26153e-06,-1.40759e-08,1,0.019305,0,0.024305,0.0075,429
2.63331e+06,8.22939e-08,-5.26131e-06,-1.39816e-08,1,0.01935,0,0.02435,0.0075,430
2.63343e+06,8.38152e-08,-5.26108e-06,-1.38874e-08,1,0.019395,0,0.024395,0.0075,431
2.63354e+06,8.53365e-08,-5.26086e-06,-1.37931e-08,1,0.01944,0,0.02444,0.0075,432
2.63366e+06,8.68578e-08,-5.26064e-06,-1.36989e-08,1,0.019485,0,0.024485,0.0075,433
2.63378e+06,8.83791e-08,-5.26041e-06,-1.36046e-08,1,0.01953,0,0.02453,0.0075,434
2.63389e+06,8.99004e-08,-5.26019e-06,-1.35104e-08,1,0.019575,0,0.024575,0.0075,435
2.63401e+06,9.14217e-08,-5.25997e-06,-1.34161e-08,1,0.01962,0,0.02462,0.0075,436
2.63413e+06,9.29429e-08,-5.25974e-06,-1.33219e-08,1,0.019665,0,0.024665,0.0075,437
2.63424e+06,9.44642e-08,-5.25952e-06,-1.32276e-08,1,0.01971,0,0.02471,0.0075,438
2.63436e+06,9.59856e-08,-5.2593e-06,-1.31334e-08,1,0.019755,0,0.024755,0.0075,439
2.63448e+06,9.75068e-08,-5.25907e-06,-1.30391e-08,1,0.0198,0,0.0248,0.0075,440
2.63459e+06,9.90281e-08,-5.25885e-06,-1.29449e-08,1,0.019845,0,0.024845,0.0075,441
2.63471e+06,1.00549e-07,-5.25863e-06,-1.28506e-08,1,0.01989,0,0.02489,0.0075,442
2.63483e+06,1.02071e-07,-5.25841e-06,-1.27564e-08,1,0.019935,0,0.024935,0.0075,443
2.63494e+06,1.03592e-07,-5.25818e-06,-1.26622e-08,1,0.01998,0,0.02498,0.0075,444
2.63506e+06,1.05113e-07,-5.25796e-06,-1.25679e-08,1,0.020025,0,0.025025,0.0075,445
2.63518e+06,1.06635e-07,-5.25774e-06,-1.24737e-08,1,0.02007,0,0.02507,0.0075,446
2.63529e+06,1.08156e-07,-5.25751e-06,-1.23794e-08,1,0.020115,0,0.025115,0.0075,447
2.63541e+06,1.09677e-07,-5.25729e-06,-1.22852e-08,1,0.02016,0,0.02516,0.0075,448
2.63553e+06,1.11198e-07,-5.25707e-06,-1.21909e-08,1,0.020205,0,0.025205,0.0075,449
2.63564e+06,1.1272e-07,-5.25684e-06,-1.20967e-08,1,0.02025,0,0.02525,0.0075,450
2.63576e+06,1.14241e-07,-5.25662e-06,-1.20024e-08,1,0.020295,0,0.025295,0.0075,451
2.63588e+06,1.15762e-07,-5.2564e-06,-1.19082e-08,1,0.02034,0,0.02534,0.0075,452
2.636e+06,1.17284e-07,-5.25617e-06,-1.18139e-08,1,0.020385,0,0.025385,0.0075,453
2.63611e+06,1.18805e-07,-5.25595e-06,-1.17197e-08,1,0.02043,0,0.02543,0.0075,454
2.63623e+06,1.20326e-07,-5.25573e-06,-1.16254e-08,1,0.020475,0,0.025475,0.0075,455
2.63635e+06,1.21847e-07,-5.2555e-06,-1.15312e-08,1,0.02052,0,0.02552,0.0075,456
2.63646e+06,1.23369e-07,-5.25528e-06,-1.14369e-08,1,0.020565,0,0.025565,0.0075,457
2.63658e+06,1.2489e-07,-5.25506e-06,-1.13427e-08,1,0.02061,0,0.02561,0.0075,458
2.6367e+06,1.26411e-07,-5.25484e-06,-1.12484e-08,1,0.020655,0,0.025655,0.0075,459
2.63681e+06,1.27933e-07,-5.25461e-06,-1.11542e-08,1,0.0207,0,0.0257,0.0075,460
2.63693e+06,1.29454e-07,-5.25439e-06,-1.10599e-08,1,0.020745,0,0.025745,0.0075,461
2.63705e+06,1.30975e-07,-5.25417e-06,-1.09657e-08,1,0.02079,0,0.02579,0.0075,462
2.63716e+06,1.32496e-07,-5.25394e-06,-1.08714e-08,1,0.020835,0,0.025835,0.0075,463
2.63728e+06,1.34018e-07,-5.25372e-06,-1.07772e-08,1,0.02088,0,0.02588,0.0075,464
2.6374e+06,1.35539e-07,-5.2535e-06,-1.06829e-08,1,0.020925,0,0.025925,0.0075,465
2.63751e+06,1.3706e-07,-5.25327e-06,-1.05887e-08,1,0.02097,0,0.02597,0.0075,466
2.63763e+06,1.38582e-07,-5.25305e-06,-1.04944e-08,1,0.021015,0,0.026015,0.0075,467
2.63775e+06,1.40103e-07,-5.25283e-06,-1.04002e-08,1,0.02106,0,0.02606,0.0075,468
2.63786e+06,1.41624e-07,-5.2526e-06,-1.0306e-08,1,0.021105,0,0.026105,0.0075,469
2.63798e+06,1.43146e-07,-5.25238e-06,-1.02117e-08,1,0.02115,0,0.02615,0.0075,470
2.6381e+06,1.44667e-07,-5.25216e-06,-1.01175e-08,1,0.021195,0,0.026195,0.0075,471
2.63821e+06,1.46188e-07,-5.25193e-06,-1.00232e-08,1,0.02124,0,0.02624,0.0075,472
2.63833e+06,1.47709e-07,-5.25171e-06,-9.92896e-09,1,0.021285,0,0.026285,0.0075,473
2.63845e+06,1.49231e-07,-5.25149e-06,-9.83472e-09,1,0.02133,0,0.02633,0.0075,474
2.63856e+06,1.50752e-07,-5.25127e-06,-9.74047e-09,1,0.021375,0,0.026375,0.0075,475
2.63868e+06,1.52273e-07,-5.25104e-06,-9.64622e-09,1,0.02142,0,0.02642,0.0075,476
2.6388e+06,1.53795e-07,-5.25082e-06,-9.55197e-09,1,0.021465,0,0.026465,0.0075,477
2.63891e+06,1.55316e-07,-5.2506e-06,-9.45772e-09,1,0.02151,0,0.02651,0.0075,478
2.63903e+06,1.56837e-07,-5.25037e-06,-9.36348e-09,1,0.021555,0,0.026555,0.0075,479
2.63915e+06,1.58358e-07,-5.25015e-06,-9.26923e-09,1,0.0216,0,0.0266,0.0075,480
2.63926e+06,1.5988e-07,-5.24993e-06,-9.17498e-09,1,0.021645,0,0.026645,0.0075,481
2.63938e+06,1.61401e-07,-5.2497e-06,-9.08073e-09,1,0.02169,0,0.02669,0.0075,482
2.6395e+06,1.62922e-07,-5.24948e-06,-8.98648e-09,1,0.021735,0,0.026735,0.0075,483
2.63961e+06,1.64444e-07,-5.24926e-06,-8.89224e-09,1,0.02178,0,0.02678,0.0075,484
2.63973e+06,1.65965e-07,-5.24903e-06,-8.79799e-09,1,0.021825,0,0.026825,0.0075,485
2.63985e+06,1.67486e-07,-5.24881e-06,-8.70374e-09,1,0.02187,0,0.02687,0.0075,486
2.63996e+06,1.69007e-07,-5.24859e-06,-8.60949e-09,1,0.021915,0,0.026915,0.0075,487
2.64008e+06,1.70529e-07,-5.24836e-06,-8.51524e-09,1,0.02196,0,0.02696,0.0075,488
2.6402e+06,1.7205e-07,-5.24814e-06,-8.421e-09,1,0.022005,0,0.027005,0.0075,489
2.64031e+06,1.73571e-07,-5.24792e-06,-8.32675e-09,1,0.02205,0,0.02705,0.0075,490
2.64043e+06,1.75093e-07,-5.2477e-06,-8.2325e-09,1,0.022095,0,0.027095,0.0075,491
2.64055e+06,1.76614e-07,-5.24747e-06,-8.13825e-09,1,0.02214,0,0.02714,0.0075,492
2.64066e+06,1.78135e-07,-5.24725e-06,-8.044e-09,1,0.022185,0,0.027185,0.0075,493
2.64078e+06,1.79656e-07,-5.24703e-06,-7.94976e-09,1,0.02223,0,0.02723,0.0075,494
2.6409e+06,1.81178e-07,-5.2468e-06,-7.85551e-09,1,0.022275,0,0.027275,0.0075,495
2.64102e+06,1.82699e-07,-5.24658e-06,-7.76126e-09,1,0.02232,0,0.02732,0.0075,496
2.64113e+06,1.8422e-07,-5.24636e-06,-7.66701e-09,1,0.022365,0,0.027365,0.0075,497
2.64125e+06,1.85742e-07,-5.24613e-06,-7.57276e-09,1,0.02241,0,0.02741,0.0075,498
2.64137e+06,1.87263e-07,-5.24591e-06,-7.47852e-09,1,0.022455,0,0.027455,0.0075,499
2.64148e+06,1.88784e-07,-5.24569e-06,-7.38427e-09,1,0.0225,0,0.0275,0.0075,500
2.6416e+06,1.90306e-07,-5.24546e-06,-7.29002e-09,1,0.022545,0,0.027545,0.0075,501
2.64172e+06,1.91827e-07,-5.24524e-06,-7.19577e-09,1,0.02259,0,0.02759,0.0075,502
2.64183e+06,1.93348e-07,-5.24502e-06,-7.10152e-09,1,0.022635,0,0.027635,0.0075,503
2.64195e+06,1.94869e-07,-5.24479e-06,-7.00728e-09,1,0.02268,0,0.02768,0.0075,504
2.64207e+06,1.96391e-07,-5.24457e-06,-6.91303e-09,1,0.022725,0,0.027725,0.0075,505
2.64218e+06,1.97912e-07,-5.24435e-06,-6.81878e-09,1,0.02277,0,0.02777,0.0075,506
2.6423e+06,1.99433e-07,-5.24413e-06,-6.72453e-09,1,0.022815,0,0.027815,0.0075,507
2.64242e+06,2.00955e-07,-5.2439e-06,-6.63028e-09,1,0.02286,0,0.02786,0.0075,508
2.64253e+06,2.02476e-07,-5.24368e-06,-6.53604e-09,1,0.022905,0,0.027905,0.0075,509
2.64265e+06,2.03997e-07,-5.24346e-06,-6.44179e-09,1,0.02295,0,0.02795,0.0075,510
2.64277e+06,2.05518e-07,-5.24323e-06,-6.34754e-09,1,0.022995,0,0.027995,0.0075,511
2.64288e+06,2.0704e-07,-5.24301e-06,-6.25329e-09,1,0.02304,0,0.02804,0.0075,512
2.643e+06,2.08561e-07,-5.24279e-06,-6.15904e-09,1,0.023085,0,0.028085,0.0075,513
2.64312e+06,2.10082e-07,-5.24256e-06,-6.0648e-09,1,0.02313,0,0.02813,0.0075,514
2.64323e+06,2.11604e-07,-5.24234e-06,-5.97055e-09,1,0.023175,0,0.028175,0.0075,515
2.64335e+06,2.13125e-07,-5.24212e-06,-5.8763e-09,1,0.02322,0,0.02822,0.0075,516
2.64347e+06,2.14646e-07,-5.24189e-06,-5.78205e-09,1,0.023265,0,0.028265,0.0075,517
2.64358e+06,2.16167e-07,-5.24167e-06,-5.6878e-09,1,0.02331,0,0.02831,0.0075,518
2.6437e+06,2.17689e-07,-5.24145e-06,-5.59356e-09,1,0.023355,0,0.028355,0.0075,519
2.64382e+06,2.1921e-07,-5.24122e-06,-5.49931e-09,1,0.0234,0,0.0284,0.0075,520
2.64393e+06,2.20731e-07,-5.241e-06,-5.40506e-09,1,0.023445,0,0.028445,0.0075,521
2.64405e+06,2.22253e-07,-5.24078e-06,-5.31081e-09,1,0.02349,0,0.02849,0.0075,522
2.64417e+06,2.23774e-07,-5.24056e-06,-5.21656e-09,1,0.023535,0,0.028535,0.0075,523
2.64428e+06,2.25295e-07,-5.24033e-06,-5.12232e-09,1,0.02358,0,0.02858,0.0075,524
2.6444e+06,2.26817e-07,-5.24011e-06,-5.02807e-09,1,0.023625,0,0.028625,0.0075,525
2.64452e+06,2.28338e-07,-5.23989e-06,-4.93382e-09,1,0.02367,0,0.02867,0.0075,526
2.64463e+06,2.29859e-07,-5.23966e-06,-4.83957e-09,1,0.023715,0,0.028715,0.0075,527
2.64475e+06,2.3138e-07,-5.23944e-06,-4.74532e-09,1,0.02376,0,0.02876,0.0075,528
2.64487e+06,2.32902e-07,-5.23922e-06,-4.65108e-09,1,0.023805,0,0.028805,0.0075,529
2.64498e+06,2.34423e-07,-5.23899e-06,-4.55683e-09,1,0.02385,0,0.02885,0.0075,530
2.6451e+06,2.35944e-07,-5.23877e-06,-4.46258e-09,1,0.023895,0,0.028895,0.0075,531
2.64522e+06,2.37466e-07,-5.23855e-06,-4.36833e-09,1,0.02394,0,0.02894,0.0075,532
2.64533e+06,2.38987e-07,-5.23832e-06,-4.27408e-09,1,0.023985,0,0.028985,0.0075,533
2.64545e+06,2.40508e-07,-5.2381e-06,-4.17984e-09,1,0.02403,0,0.02903,0.0075,534
2.64557e+06,2.42029e-07,-5.23788e-06,-4.08559e-09,1,0.024075,0,0.029075,0.0075,535
2.64568e+06,2.43551e-07,-5.23765e-06,-3.99134e-09,1,0.02412,0,0.02912,0.0075,536
2.6458e+06,2.45072e-07,-5.23743e-06,-3.89709e-09,1,0.024165,0,0.029165,0.0075,537
2.64592e+06,2.46593e-07,-5.23721e-06,-3.80284e-09,1,0.02421,0,0.02921,0.0075,538
2.64604e+06,2.48115e-07,-5.23699e-06,-3.7086e-09,1,0.024255,0,0.029255,0.0075,539
2.64615e+06,2.49636e-07,-5.23676e-06,-3.61435e-09,1,0.0243,0,0.0293,0.0075,540
2.64627e+06,2.51157e-07,-5.23654e-06,-3.5201e-09,1,0.024345,0,0.029345,0.0075,541
2.64639e+06,2.52678e-07,-5.23632e-06,-3.42585e-09,1,0.02439,0,0.02939,0.0075,542
2.6465e+06,2.542e-07,-5.23609e-06,-3.3316e-09,1,0.024435,0,0.029435,0.0075,543
2.64662e+06,2.55721e-07,-5.23587e-06,-3.23736e-09,1,0.02448,0,0.02948,0.0075,544
2.64674e+06,2.57242e-07,-5.23565e-06,-3.14311e-09,1,0.024525,0,0.029525,0.0075,545
2.64685e+06,2.58764e-07,-5.23542e-06,-3.04886e-09,1,0.02457,0,0.02957,0.0075,546
2.64697e+06,2.60285e-07,-5.2352e-06,-2.95461e-09,1,0.024615,0,0.029615,0.0075,547
2.64709e+06,2.61806e-07,-5.23498e-06,-2.86037e-09,1,0.02466,0,0.02966,0.0075,548
2.6472e+06,2.63328e-07,-5.23475e-06,-2.76612e-09,1,0.024705,0,0.029705,0.0075,549
2.64732e+06,2.64849e-07,-5.23453e-06,-2.67187e-09,1,0.02475,0,0.02975,0.0075,550
2.64744e+06,2.6637e-07,-5.23431e-06,-2.57762e-09,1,0.024795,0,0.029795,0.0075,551
2.64755e+06,2.67891e-07,-5.23408e-06,-2.48337e-09,1,0.02484,0,0.02984,0.0075,552
2.64767e+06,2.69413e-07,-5.23386e-06,-2.38913e-09,1,0.024885,0,0.029885,0.0075,553
2.64779e+06,2.70934e-07,-5.23364e-06,-2.29488e-09,1,0.02493,0,0.02993,0.0075,554
2.6479e+06,2.72455e-07,-5.23342e-06,-2.20063e-09,1,0.024975,0,0.029975,0.0075,555
2.64802e+06,2.73977e-07,-5.23319e-06,-2.10638e-09,1,0.02502,0,0.03002,0.0075,556
2.64814e+06,2.75498e-07,-5.23297e-06,-2.01213e-09,1,0.025065,0,0.030065,0.0075,557
2.64825e+06,2.77019e-07,-5.23275e-06,-1.91789e-09,1,0.02511,0,0.03011,0.0075,558
2.64837e+06,2.7854e-07,-5.23252e-06,-1.82364e-09,1,0.025155,0,0.030155,0.0075,559
2.64849e+06,2.80062e-07,-5.2323e-06,-1.72939e-09,1,0.0252,0,0.0302,0.0075,560
2.6486e+06,2.81583e-07,-5.23208e-06,-1.63514e-09,1,0.025245,0,0.030245,0.0075,561
2.64872e+06,2.83104e-07,-5.23185e-06,-1.54089e-09,1,0.02529,0,0.03029,0.0075,562
2.64884e+06,2.84626e-07,-5.23163e-06,-1.44665e-09,1,0.025335,0,0.030335,0.0075,563
2.64895e+06,2.86147e-07,-5.23141e-06,-1.3524e-09,1,0.02538,0,0.03038,0.0075,564
2.64907e+06,2.87668e-07,-5.23118e-06,-1.25815e-09,1,0.025425,0,0.030425,0.0075,565
2.64919e+06,2.89189e-07,-5.23096e-06,-1.1639e-09,1,0.02547,0,0.03047,0.0075,566
2.6493e+06,2.90711e-07,-5.23074e-06,-1.06966e-09,1,0.025515,0,0.030515,0.0075,567
2.64942e+06,2.92232e-07,-5.23051e-06,-9.75408e-10,1,0.02556,0,0.03056,0.0075,568
2.64954e+06,2.93753e-07,-5.23029e-06,-8.81161e-10,1,0.025605,0,0.030605,0.0075,569
2.64965e+06,2.95275e-07,-5.23007e-06,-7.8691e-10,1,0.02565,0,0.03065,0.0075,570
2.64977e+06,2.96796e-07,-5.22985e-06,-6.92662e-10,1,0.025695,0,0.030695,0.0075,571
2.64989e+06,2.98317e-07,-5.22962e-06,-5.98415e-10,1,0.02574,0,0.03074,0.0075,572
2.65e+06,2.99838e-07,-5.2294e-06,-5.04168e-10,1,0.025785,0,0.030785,0.0075,573
2.65012e+06,3.0136e-07,-5.22918e-06,-4.09921e-10,1,0.02583,0,0.03083,0.0075,574
2.65024e+06,3.02881e-07,-5.22895e-06,-3.1567e-10,1,0.025875,0,0.030875,0.0075,575
2.65035e+06,3.04402e-07,-5.22873e-06,-2.21422e-10,1,0.02592,0,0.03092,0.0075,576
2.65047e+06,3.05924e-07,-5.22851e-06,-1.27175e-10,1,0.025965,0,0.030965,0.0075,577
2.65059e+06,3.07445e-07,-5.22828e-06,-3.29281e-11,1,0.02601,0,0.03101,0.0075,578
2.6507e+06,3.08966e-07,-5.22806e-06,6.13191e-11,1,0.026055,0,0.031055,0.0075,579
2.65082e+06,3.10488e-07,-5.22784e-06,1.5557e-10,1,0.0261,0,0.0311,0.0075,580
2.65094e+06,3.12009e-07,-5.22761e-06,2.49817e-10,1,0.026145,0,0.031145,0.0075,581
2.65106e+06,3.1353e-07,-5.22739e-06,3.44065e-10,1,0.02619,0,0.03119,0.0075,582
2.65117e+06,3.15051e-07,-5.22717e-06,4.38312e-10,1,0.026235,0,0.031235,0.0075,583
2.65129e+06,3.16573e-07,-5.22695e-06,5.32559e-10,1,0.02628,0,0.03128,0.0075,584
2.65141e+06,3.18094e-07,-5.22672e-06,6.2681e-10,1,0.026325,0,0.031325,0.0075,585
2.65152e+06,3.19615e-07,-5.2265e-06,7.21053e-10,1,0.02637,0,0.03137,0.0075,586
2.65164e+06,3.21137e-07,-5.22628e-06,8.15305e-10,1,0.026415,0,0.031415,0.0075,587
2.65176e+06,3.22658e-07,-5.22605e-06,9.09556e-10,1,0.02646,0,0.03146,0.0075,588
2.65187e+06,3.24179e-07,-5.22583e-06,1.0038e-09,1,0.026505,0,0.031505,0.0075,589
2.65199e+06,3.257e-07,-5.22561e-06,1.09805e-09,1,0.02655,0,0.03155,0.0075,590
2.65211e+06,3.27222e-07,-5.22538e-06,1.19229e-09,1,0.026595,0,0.031595,0.0075,591
2.65222e+06,3.28743e-07,-5.22516e-06,1.28654e-09,1,0.02664,0,0.03164,0.0075,592
2.65234e+06,3.30264e-07,-5.22494e-06,1.3808e-09,1,0.026685,0,0.031685,0.0075,593
2.65246e+06,3.31786e-07,-5.22471e-06,1.47504e-09,1,0.02673,0,0.03173,0.0075,594
2.65257e+06,3.33307e-07,-5.22449e-06,1.56929e-09,1,0.026775,0,0.031775,0.0075,595
2.65269e+06,3.34828e-07,-5.22427e-06,1.66353e-09,1,0.02682,0,0.03182,0.0075,596
2.65281e+06,3.36349e-07,-5.22404e-06,1.75778e-09,1,0.026865,0,0.031865,0.0075,597
2.65292e+06,3.37871e-07,-5.22382e-06,1.85204e-09,1,0.02691,0,0.03191,0.0075,598
2.65304e+06,3.39392e-07,-5.2236e-06,1.94628e-09,1,0.026955,0,0.031955,0.0075,599
2.65316e+06,3.40913e-07,-5.22337e-06,2.04053e-09,1,0.027,0,0.032,0.0075,600
2.65327e+06,3.42435e-07,-5.22315e-06,2.13477e-09,1,0.027045,0,0.032045,0.0075,601
2.65339e+06,3.43956e-07,-5.22293e-06,2.22902e-09,1,0.02709,0,0.03209,0.0075,602
2.65351e+06,3.45477e-07,-5.22271e-06,2.32327e-09,1,0.027135,0,0.032135,0.0075,603
2.65362e+06,3.46998e-07,-5.22248e-06,2.41752e-09,1,0.02718,0,0.03218,0.0075,604
2.65374e+06,3.4852e-07,-5.22226e-06,2.51177e-09,1,0.027225,0,0.032225,0.0075,605
2.65386e+06,3.50041e-07,-5.22204e-06,2.60601e-09,1,0.02727,0,0.03227,0.0075,606
2.65397e+06,3.51562e-07,-5.22181e-06,2.70026e-09,1,0.027315,0,0.032315,0.0075,607
2.65409e+06,3.53084e-07,-5.22159e-06,2.79451e-09,1,0.02736,0,0.03236,0.0075,608
2.65421e+06,3.54605e-07,-5.22137e-06,2.88876e-09,1,0.027405,0,0.032405,0.0075,609
2.65432e+06,3.56126e-07,-5.22114e-06,2.98301e-09,1,0.02745,0,0.03245,0.0075,610
2.65444e+06,3.57647e-07,-5.22092e-06,3.07725e-09,1,0.027495,0,0.032495,0.0075,611
2.65456e+06,3.59169e-07,-5.2207e-06,3.1715e-09,1,0.02754,0,0.03254,0.0075,612
2.65467e+06,3.6069e-07,-5.22047e-06,3.26575e-09,1,0.027585,0,0.032585,0.0075,613
2.65479e+06,3.62211e-07,-5.22025e-06,3.36e-09,1,0.02763,0,0.03263,0.0075,614
2.65491e+06,3.63733e-07,-5.22003e-06,3.45425e-09,1,0.027675,0,0.032675,0.0075,615
2.65502e+06,3.65254e-07,-5.21981e-06,3.54849e-09,1,0.02772,0,0.03272,0.0075,616
2.65514e+06,3.66775e-07,-5.21958e-06,3.64274e-09,1,0.027765,0,0.032765,0.0075,617
2.65526e+06,3.68296e-07,-5.21936e-06,3.73699e-09,1,0.02781,0,0.03281,0.0075,618
2.65537e+06,3.69818e-07,-5.21914e-06,3.83124e-09,1,0.027855,0,0.032855,0.0075,619
2.65549e+06,3.71339e-07,-5.21891e-06,3.92549e-09,1,0.0279,0,0.0329,0.0075,620
2.65561e+06,3.7286e-07,-5.21869e-06,4.01973e-09,1,0.027945,0,0.032945,0.0075,621
2.65572e+06,3.74382e-07,-5.21847e-06,4.11398e-09,1,0.02799,0,0.03299,0.0075,622
2.65584e+06,3.75903e-07,-5.21824e-06,4.20823e-09,1,0.028035,0,0.033035,0.0075,623
2.65596e+06,3.77424e-07,-5.21802e-06,4.30248e-09,1,0.02808,0,0.03308,0.0075,624
2.65608e+06,3.78946e-07,-5.2178e-06,4.39673e-09,1,0.028125,0,0.033125,0.0075,625
2.65619e+06,3.80467e-07,-5.21757e-06,4.49097e-09,1,0.02817,0,0.03317,0.0075,626
2.65631e+06,3.81988e-07,-5.21735e-06,4.58522e-09,1,0.028215,0,0.033215,0.0075,627
2.65643e+06,3.83509e-07,-5.21713e-06,4.67947e-09,1,0.02826,0,0.03326,0.0075,628
2.65654e+06,3.85031e-07,-5.2169e-06,4.77372e-09,1,0.028305,0,0.033305,0.0075,629
2.65666e+06,3.86552e-07,-5.21668e-06,4.86797e-09,1,0.02835,0,0.03335,0.0075,630
2.65678e+06,3.88073e-07,-5.21646e-06,4.96221e-09,1,0.028395,0,0.033395,0.0075,631
2.65689e+06,3.89595e-07,-5.21624e-06,5.05646e-09,1,0.02844,0,0.03344,0.0075,632
2.65877e+06,3.91287e-07,-5.21603e-06,5.1686e-09,1,0.028485,0,0.033485,0.0075,633
2.66165e+06,3.93077e-07,-5.21582e-06,5.29099e-09,1,0.02853,0,0.03353,0.0075,634
2.66454e+06,3.94868e-07,-5.21562e-06,5.41337e-09,1,0.028575,0,0.033575,0.0075,635
2.66742e+06,3.96658e-07,-5.21542e-06,5.53575e-09,1,0.02862,0,0.03362,0.0075,636
2.6703e+06,3.98449e-07,-5.21522e-06,5.65813e-09,1,0.028665,0,0.033665,0.0075,637
2.67319e+06,4.00239e-07,-5.21501e-06,5.7805e-09,1,0.02871,0,0.03371,0.0075,638
2.67607e+06,4.02029e-07,-5.21481e-06,5.90289e-09,1,0.028755,0,0.033755,0.0075,639
2.67895e+06,4.0382e-07,-5.21461e-06,6.02527e-09,1,0.0288,0,0.0338,0.0075,640
2.68184e+06,4.0561e-07,-5.21441e-06,6.14765e-09,1,0.028845,0,0.033845,0.0075,641
2.68472e+06,4.074e-07,-5.2142e-06,6.27003e-09,1,0.02889,0,0.03389,0.0075,642
2.68761e+06,4.09191e-07,-5.214e-06,6.39241e-09,1,0.028935,0,0.033935,0.0075,643
2.69049e+06,4.10981e-07,-5.2138e-06,6.51479e-09,1,0.02898,0,0.03398,0.0075,644
2.69337e+06,4.12772e-07,-5.2136e-06,6.63718e-09,1,0.029025,0,0.034025,0.0075,645
2.69626e+06,4.14562e-07,-5.21339e-06,6.75955e-09,1,0.02907,0,0.03407,0.0075,646
2.69914e+06,4.16352e-07,-5.21319e-06,6.88194e-09,1,0.029115,0,0.034115,0.0075,647
2.70202e+06,4.18143e-07,-5.21299e-06,7.00431e-09,1,0.02916,0,0.03416,0.0075,648
2.70491e+06,4.19933e-07,-5.21279e-06,7.1267e-09,1,0.029205,0,0.034205,0.0075,649
2.70779e+06,4.21723e-07,-5.21258e-06,7.24907e-09,1,0.02925,0,0.03425,0.0075,650
2.71067e+06,4.23514e-07,-5.21238e-06,7.37146e-09,1,0.029295,0,0.034295,0.0075,651
2.71356e+06,4.25304e-07,-5.21218e-06,7.49384e-09,1,0.02934,0,0.03434,0.0075,652
2.71644e+06,4.27094e-07,-5.21198e-06,7.61622e-09,1,0.029385,0,0.034385,0.0075,653
2.71933e+06,4.28885e-07,-5.21177e-06,7.7386e-09,1,0.02943,0,0.03443,0.0075,654
2.72221e+06,4.30675e-07,-5.21157e-06,7.86098e-09,1,0.029475,0,0.034475,0.0075,655
2.72509e+06,4.32466e-07,-5.21137e-06,7.98336e-09,1,0.02952,0,0.03452,0.0075,656
2.72798e+06,4.34256e-07,-5.21117e-06,8.10575e-09,1,0.029565,0,0.034565,0.0075,657
2.73086e+06,4.36046e-07,-5.21096e-06,8.22812e-09,1,0.02961,0,0.03461,0.0075,658
2.73374e+06,4.37837e-07,-5.21076e-06,8.35051e-09,1,0.029655,0,0.034655,0.0075,659
2.73663e+06,4.39627e-07,-5.21056e-06,8.47288e-09,1,0.0297,0,0.0347,0.0075,660
2.73951e+06,4.41417e-07,-5.21036e-06,8.59527e-09,1,0.029745,0,0.034745,0.0075,661
2.7424e+06,4.43208e-07,-5.21015e-06,8.71765e-09,1,0.02979,0,0.03479,0.0075,662
2.74528e+06,4.44998e-07,-5.20995e-06,8.84003e-09,1,0.029835,0,0.034835,0.0075,663
2.74816e+06,4.46789e-07,-5.20975e-06,8.96241e-09,1,0.02988,0,0.03488,0.0075,664
2.75105e+06,4.48579e-07,-5.20955e-06,9.08479e-09,1,0.029925,0,0.034925,0.0075,665
2.75393e+06,4.50369e-07,-5.20934e-06,9.20717e-09,1,0.02997,0,0.03497,0.0075,666
2.75681e+06,4.5216e-07,-5.20914e-06,9.32955e-09,1,0.030015,0,0.035015,0.0075,667
2.7597e+06,4.5395e-07,-5.20894e-06,9.45193e-09,1,0.03006,0,0.03506,0.0075,668
2.76258e+06,4.5574e-07,-5.20874e-06,9.57431e-09,1,0.030105,0,0.035105,0.0075,669
2.76546e+06,4.57531e-07,-5.20853e-06,9.69669e-09,1,0.03015,0,0.03515,0.0075,670
2.76835e+06,4.59321e-07,-5.20833e-06,9.81907e-09,1,0.030195,0,0.035195,0.0075,671
2.77123e+06,4.61112e-07,-5.20813e-06,9.94146e-09,1,0.03024,0,0.03524,0.0075,672
2.77412e+06,4.62902e-07,-5.20793e-06,1.00638e-08,1,0.030285,0,0.035285,0.0075,673
2.777e+06,4.64692e-07,-5.20772e-06,1.01862e-08,1,0.03033,0,0.03533,0.0075,674
2.77988e+06,4.66483e-07,-5.20752e-06,1.03086e-08,1,0.030375,0,0.035375,0.0075,675
2.78277e+06,4.68273e-07,-5.20732e-06,1.0431e-08,1,0.03042,0,0.03542,0.0075,676
2.78565e+06,4.70063e-07,-5.20712e-06,1.05534e-08,1,0.030465,0,0.035465,0.0075,677
2.78853e+06,4.71854e-07,-5.20691e-06,1.06757e-08,1,0.03051,0,0.03551,0.0075,678
2.79142e+06,4.73644e-07,-5.20671e-06,1.07981e-08,1,0.030555,0,0.035555,0.0075,679
2.7943e+06,4.75434e-07,-5.20651e-06,1.09205e-08,1,0.0306,0,0.0356,0.0075,680
2.79718e+06,4.77225e-07,-5.20631e-06,1.10429e-08,1,0.030645,0,0.035645,0.0075,681
2.80007e+06,4.79015e-07,-5.2061e-06,1.11653e-08,1,0.03069,0,0.03569,0.0075,682
2.80295e+06,4.80806e-07,-5.2059e-06,1.12876e-08,1,0.030735,0,0.035735,0.0075,683
2.80584e+06,4.82596e-07,-5.2057e-06,1.141e-08,1,0.03078,0,0.03578,0.0075,684
2.80872e+06,4.84386e-07,-5.2055e-06,1.15324e-08,1,0.030825,0,0.035825,0.0075,685
2.8116e+06,4.86177e-07,-5.20529e-06,1.16548e-08,1,0.03087,0,0.03587,0.0075,686
2.81449e+06,4.87967e-07,-5.20509e-06,1.17772e-08,1,0.030915,0,0.035915,0.0075,687
2.81737e+06,4.89757e-07,-5.20489e-06,1.18995e-08,1,0.03096,0,0.03596,0.0075,688
2.82025e+06,4.91548e-07,-5.20469e-06,1.20219e-08,1,0.031005,0,0.036005,0.0075,689
2.82314e+06,4.93338e-07,-5.20448e-06,1.21443e-08,1,0.03105,0,0.03605,0.0075,690
2.82602e+06,4.95129e-07,-5.20428e-06,1.22667e-08,1,0.031095,0,0.036095,0.0075,691
2.8289e+06,4.96919e-07,-5.20408e-06,1.23891e-08,1,0.03114,0,0.03614,0.0075,692
2.83179e+06,4.98709e-07,-5.20388e-06,1.25115e-08,1,0.031185,0,0.036185,0.0075,693
2.83467e+06,5.005e-07,-5.20367e-06,1.26338e-08,1,0.03123,0,0.03623,0.0075,694
2.83756e+06,5.0229e-07,-5.20347e-06,1.27562e-08,1,0.031275,0,0.036275,0.0075,695
2.84044e+06,5.0408e-07,-5.20327e-06,1.28786e-08,1,0.03132,0,0.03632,0.0075,696
2.84332e+06,5.05871e-07,-5.20307e-06,1.3001e-08,1,0.031365,0,0.036365,0.0075,697
2.84621e+06,5.07661e-07,-5.20286e-06,1.31234e-08,1,0.03141,0,0.03641,0.0075,698
2.84909e+06,5.09452e-07,-5.20266e-06,1.32457e-08,1,0.031455,0,0.036455,0.0075,699
2.85197e+06,5.11242e-07,-5.20246e-06,1.33681e-08,1,0.0315,0,0.0365,0.0075,700
2.85486e+06,5.13032e-07,-5.20226e-06,1.34905e-08,1,0.031545,0,0.036545,0.0075,701
2.85774e+06,5.14823e-07,-5.20206e-06,1.36129e-08,1,0.03159,0,0.03659,0.0075,702
2.86062e+06,5.16613e-07,-5.20185e-06,1.37353e-08,1,0.031635,0,0.036635,0.0075,703
2.86351e+06,5.18403e-07,-5.20165e-06,1.38576e-08,1,0.03168,0,0.03668,0.0075,704
2.86639e+06,5.20194e-07,-5.20145e-06,1.398e-08,1,0.031725,0,0.036725,0.0075,705
2.86928e+06,5.21984e-07,-5.20125e-06,1.41024e-08,1,0.03177,0,0.03677,0.0075,706
2.87216e+06,5.23774e-07,-5.20104e-06,1.42248e-08,1,0.031815,0,0.036815,0.0075,707
2.87504e+06,5.25565e-07,-5.20084e-06,1.43472e-08,1,0.03186,0,0.03686,0.0075,708
2.87793e+06,5.27355e-07,-5.20064e-06,1.44695e-08,1,0.031905,0,0.036905,0.0075,709
2.88081e+06,5.29146e-07,-5.20044e-06,1.45919e-08,1,0.03195,0,0.03695,0.0075,710
2.88369e+06,5.30936e-07,-5.20023e-06,1.47143e-08,1,0.031995,0,0.036995,0.0075,711
2.88658e+06,5.32726e-07,-5.20003e-06,1.48367e-08,1,0.03204,0,0.03704,0.0075,712
2.88946e+06,5.34517e-07,-5.19983e-06,1.49591e-08,1,0.032085,0,0.037085,0.0075,713
2.89234e+06,5.36307e-07,-5.19963e-06,1.50815e-08,1,0.03213,0,0.03713,0.0075,714
2.89523e+06,5.38097e-07,-5.19942e-06,1.52038e-08,1,0.032175,0,0.037175,0.0075,715
2.89811e+06,5.39888e-07,-5.19922e-06,1.53262e-08,1,0.03222,0,0.03722,0.0075,716
2.901e+06,5.41678e-07,-5.19902e-06,1.54486e-08,1,0.032265,0,0.037265,0.0075,717
2.90388e+06,5.43469e-07,-5.19882e-06,1.5571e-08,1,0.03231,0,0.03731,0.0075,718
2.90676e+06,5.45259e-07,-5.19861e-06,1.56934e-08,1,0.032355,0,0.037355,0.0075,719
2.90965e+06,5.47049e-07,-5.19841e-06,1.58157e-08,1,0.0324,0,0.0374,0.0075,720
2.91253e+06,5.4884e-07,-5.19821e-06,1.59381e-08,1,0.032445,0,0.037445,0.0075,721
2.91541e+06,5.5063e-07,-5.19801e-06,1.60605e-08,1,0.03249,0,0.03749,0.0075,722
2.9183e+06,5.5242e-07,-5.1978e-06,1.61829e-08,1,0.032535,0,0.037535,0.0075,723
2.92118e+06,5.54211e-07,-5.1976e-06,1.63053e-08,1,0.03258,0,0.03758,0.0075,724
2.92406e+06,5.56001e-07,-5.1974e-06,1.64276e-08,1,0.032625,0,0.037625,0.0075,725
2.92695e+06,5.57792e-07,-5.1972e-06,1.655e-08,1,0.03267,0,0.03767,0.0075,726
2.92983e+06,5.59582e-07,-5.19699e-06,1.66724e-08,1,0.032715,0,0.037715,0.0075,727
2.93272e+06,5.61372e-07,-5.19679e-06,1.67948e-08,1,0.03276,0,0.03776,0.0075,728
2.9356e+06,5.63163e-07,-5.19659e-06,1.69172e-08,1,0.032805,0,0.037805,0.0075,729
2.93848e+06,5.64953e-07,-5.19639e-06,1.70395e-08,1,0.03285,0,0.03785,0.0075,730
2.94137e+06,5.66743e-07,-5.19618e-06,1.71619e-08,1,0.032895,0,0.037895,0.0075,731
2.94425e+06,5.68534e-07,-5.19598e-06,1.72843e-08,1,0.03294,0,0.03794,0.0075,732
2.94713e+06,5.70324e-07,-5.19578e-06,1.74067e-08,1,0.032985,0,0.037985,0.0075,733
2.95002e+06,5.72115e-07,-5.19558e-06,1.75291e-08,1,0.03303,0,0.03803,0.0075,734
2.9529e+06,5.73905e-07,-5.19537e-06,1.76514e-08,1,0.033075,0,0.038075,0.0075,735
2.95579e+06,5.75695e-07,-5.19517e-06,1.77738e-08,1,0.03312,0,0.03812,0.0075,736
2.95867e+06,5.77486e-07,-5.19497e-06,1.78962e-08,1,0.033165,0,0.038165,0.0075,737
2.96155e+06,5.79276e-07,-5.19477e-06,1.80186e-08,1,0.03321,0,0.03821,0.0075,738
2.96444e+06,5.81066e-07,-5.19456e-06,1.8141e-08,1,0.033255,0,0.038255,0.0075,739
2.96732e+06,5.82857e-07,-5.19436e-06,1.82633e-08,1,0.0333,0,0.0383,0.0075,740
2.9702e+06,5.84647e-07,-5.19416e-06,1.83857e-08,1,0.033345,0,0.038345,0.0075,741
2.97309e+06,5.86437e-07,-5.19396e-06,1.85081e-08,1,0.03339,0,0.03839,0.0075,742
2.97597e+06,5.88228e-07,-5.19375e-06,1.86305e-08,1,0.033435,0,0.038435,0.0075,743
2.97885e+06,5.90018e-07,-5.19355e-06,1.87529e-08,1,0.03348,0,0.03848,0.0075,744
2.98174e+06,5.91809e-07,-5.19335e-06,1.88753e-08,1,0.033525,0,0.038525,0.0075,745
2.98462e+06,5.93599e-07,-5.19315e-06,1.89976e-08,1,0.03357,0,0.03857,0.0075,746
2.98751e+06,5.95389e-07,-5.19294e-06,1.912e-08,1,0.033615,0,0.038615,0.0075,747
2.99039e+06,5.9718e-07,-5.19274e-06,1.92424e-08,1,0.03366,0,0.03866,0.0075,748
2.99327e+06,5.9897e-07,-5.19254e-06,1.93648e-08,1,0.033705,0,0.038705,0.0075,749
2.99616e+06,6.0076e-07,-5.19234e-06,1.94872e-08,1,0.03375,0,0.03875,0.0075,750
2.99904e+06,6.02551e-07,-5.19213e-06,1.96095e-08,1,0.033795,0,0.038795,0.0075,751
3.00192e+06,6.04341e-07,-5.19193e-06,1.97319e-08,1,0.03384,0,0.03884,0.0075,752
3.00481e+06,6.06132e-07,-5.19173e-06,1.98543e-08,1,0.033885,0,0.038885,0.0075,753
3.00769e+06,6.07922e-07,-5.19153e-06,1.99767e-08,1,0.03393,0,0.03893,0.0075,754
3.01057e+06,6.09712e-07,-5.19132e-06,2.00991e-08,1,0.033975,0,0.038975,0.0075,755
3.01346e+06,6.11503e-07,-5.19112e-06,2.02214e-08,1,0.03402,0,0.03902,0.0075,756
3.01634e+06,6.13293e-07,-5.19092e-06,2.03438e-08,1,0.034065,0,0.039065,0.0075,757
3.01923e+06,6.15083e-07,-5.19072e-06,2.04662e-08,1,0.03411,0,0.03911,0.0075,758
3.02211e+06,6.16874e-07,-5.19051e-06,2.05886e-08,1,0.034155,0,0.039155,0.0075,759
3.02499e+06,6.18664e-07,-5.19031e-06,2.0711e-08,1,0.0342,0,0.0392,0.0075,760
3.02788e+06,6.20455e-07,-5.19011e-06,2.08333e-08,1,0.034245,0,0.039245,0.0075,761
3.03076e+06,6.22245e-07,-5.18991e-06,2.09557e-08,1,0.03429,0,0.03929,0.0075,762
3.03364e+06,6.24035e-07,-5.18971e-06,2.10781e-08,1,0.034335,0,0.039335,0.0075,763
3.03653e+06,6.25826e-07,-5.1895e-06,2.12005e-08,1,0.03438,0,0.03938,0.0075,764
3.03941e+06,6.27616e-07,-5.1893e-06,2.13229e-08,1,0.034425,0,0.039425,0.0075,765
3.0423e+06,6.29406e-07,-5.1891e-06,2.14453e-08,1,0.03447,0,0.03947,0.0075,766
3.04518e+06,6.31197e-07,-5.1889e-06,2.15676e-08,1,0.034515,0,0.039515,0.0075,767
3.04806e+06,6.32987e-07,-5.18869e-06,2.169e-08,1,0.03456,0,0.03956,0.0075,768
3.05095e+06,6.34777e-07,-5.18849e-06,2.18124e-08,1,0.034605,0,0.039605,0.0075,769
3.05383e+06,6.36568e-07,-5.18829e-06,2.19348e-08,1,0.03465,0,0.03965,0.0075,770
3.05671e+06,6.38358e-07,-5.18809e-06,2.20572e-08,1,0.034695,0,0.039695,0.0075,771
3.0596e+06,6.40149e-07,-5.18788e-06,2.21795e-08,1,0.03474,0,0.03974,0.0075,772
3.06248e+06,6.41939e-07,-5.18768e-06,2.23019e-08,1,0.034785,0,0.039785,0.0075,773
3.06536e+06,6.43729e-07,-5.18748e-06,2.24243e-08,1,0.03483,0,0.03983,0.0075,774
3.06825e+06,6.4552e-07,-5.18728e-06,2.25467e-08,1,0.034875,0,0.039875,0.0075,775
3.07113e+06,6.4731e-07,-5.18707e-06,2.26691e-08,1,0.03492,0,0.03992,0.0075,776
3.07402e+06,6.491e-07,-5.18687e-06,2.27914e-08,1,0.034965,0,0.039965,0.0075,777
3.0769e+06,6.50891e-07,-5.18667e-06,2.29138e-08,1,0.03501,0,0.04001,0.0075,778
3.07978e+06,6.52681e-07,-5.18647e-06,2.30362e-08,1,0.035055,0,0.040055,0.0075,779
3.08267e+06,6.54472e-07,-5.18626e-06,2.31586e-08,1,0.0351,0,0.0401,0.0075,780
3.08555e+06,6.56262e-07,-5.18606e-06,2.3281e-08,1,0.035145,0,0.040145,0.0075,781
3.08843e+06,6.58052e-07,-5.18586e-06,2.34033e-08,1,0.03519,0,0.04019,0.0075,782
3.09132e+06,6.59843e-07,-5.18566e-06,2.35257e-08,1,0.035235,0,0.040235,0.0075,783
3.0942e+06,6.61633e-07,-5.18545e-06,2.36481e-08,1,0.03528,0,0.04028,0.0075,784
3.09708e+06,6.63423e-07,-5.18525e-06,2.37705e-08,1,0.035325,0,0.040325,0.0075,785
3.09997e+06,6.65214e-07,-5.18505e-06,2.38929e-08,1,0.03537,0,0.04037,0.0075,786
3.10285e+06,6.67004e-07,-5.18485e-06,2.40152e-08,1,0.035415,0,0.040415,0.0075,787
3.10574e+06,6.68795e-07,-5.18464e-06,2.41376e-08,1,0.03546,0,0.04046,0.0075,788
3.10862e+06,6.70585e-07,-5.18444e-06,2.426e-08,1,0.035505,0,0.040505,0.0075,789
3.1115e+06,6.72375e-07,-5.18424e-06,2.43824e-08,1,0.03555,0,0.04055,0.0075,790
3.11439e+06,6.74166e-07,-5.18404e-06,2.45048e-08,1,0.035595,0,0.040595,0.0075,791
3.11727e+06,6.75956e-07,-5.18383e-06,2.46272e-08,1,0.03564,0,0.04064,0.0075,792
3.12015e+06,6.77746e-07,-5.18363e-06,2.47495e-08,1,0.035685,0,0.040685,0.0075,793
3.12304e+06,6.79537e-07,-5.18343e-06,2.48719e-08,1,0.03573,0,0.04073,0.0075,794
3.12592e+06,6.81327e-07,-5.18323e-06,2.49943e-08,1,0.035775,0,0.040775,0.0075,795
3.1288e+06,6.83117e-07,-5.18302e-06,2.51167e-08,1,0.03582,0,0.04082,0.0075,796
3.13169e+06,6.84908e-07,-5.18282e-06,2.52391e-08,1,0.035865,0,0.040865,0.0075,797
3.13457e+06,6.86698e-07,-5.18262e-06,2.53614e-08,1,0.03591,0,0.04091,0.0075,798
3.13746e+06,6.88489e-07,-5.18242e-06,2.54838e-08,1,0.035955,0,0.040955,0.0075,799
3.14034e+06,6.90279e-07,-5.18221e-06,2.56062e-08,1,0.036,0,0.041,0.0075,800
3.14322e+06,6.92069e-07,-5.18201e-06,2.57286e-08,1,0.036045,0,0.041045,0.0075,801
3.14611e+06,6.9386e-07,-5.18181e-06,2.5851e-08,1,0.03609,0,0.04109,0.0075,802
3.14899e+06,6.9565e-07,-5.18161e-06,2.59733e-08,1,0.036135,0,0.041135,0.0075,803
3.15187e+06,6.9744e-07,-5.1814e-06,2.60957e-08,1,0.03618,0,0.04118,0.0075,804
3.15476e+06,6.99231e-07,-5.1812e-06,2.62181e-08,1,0.036225,0,0.041225,0.0075,805
3.15764e+06,7.01021e-07,-5.181e-06,2.63405e-08,1,0.03627,0,0.04127,0.0075,806
3.16052e+06,7.02812e-07,-5.1808e-06,2.64629e-08,1,0.036315,0,0.041315,0.0075,807
3.16341e+06,7.04602e-07,-5.18059e-06,2.65852e-08,1,0.03636,0,0.04136,0.0075,808
3.16629e+06,7.06392e-07,-5.18039e-06,2.67076e-08,1,0.036405,0,0.041405,0.0075,809
3.16918e+06,7.08183e-07,-5.18019e-06,2.683e-08,1,0.03645,0,0.04145,0.0075,810
3.17206e+06,7.09973e-07,-5.17999e-06,2.69524e-08,1,0.036495,0,0.041495,0.0075,811
3.17494e+06,7.11763e-07,-5.17978e-06,2.70748e-08,1,0.03654,0,0.04154,0.0075,812
3.17783e+06,7.13554e-07,-5.17958e-06,2.71972e-08,1,0.036585,0,0.041585,0.0075,813
3.18071e+06,7.15344e-07,-5.17938e-06,2.73195e-08,1,0.03663,0,0.04163,0.0075,814
3.18359e+06,7.17135e-07,-5.17918e-06,2.74419e-08,1,0.036675,0,0.041675,0.0075,815
3.18648e+06,7.18925e-07,-5.17897e-06,2.75643e-08,1,0.03672,0,0.04172,0.0075,816
3.18936e+06,7.20715e-07,-5.17877e-06,2.76867e-08,1,0.036765,0,0.041765,0.0075,817
3.19224e+06,7.22506e-07,-5.17857e-06,2.78091e-08,1,0.03681,0,0.04181,0.0075,818
3.19513e+06,7.24296e-07,-5.17837e-06,2.79314e-08,1,0.036855,0,0.041855,0.0075,819
3.19801e+06,7.26086e-07,-5.17816e-06,2.80538e-08,1,0.0369,0,0.0419,0.0075,820
3.2009e+06,7.27877e-07,-5.17796e-06,2.81762e-08,1,0.036945,0,0.041945,0.0075,821
3.20378e+06,7.29667e-07,-5.17776e-06,2.82986e-08,1,0.03699,0,0.04199,0.0075,822
3.20666e+06,7.31458e-07,-5.17756e-06,2.8421e-08,1,0.037035,0,0.042035,0.0075,823
3.20955e+06,7.33248e-07,-5.17735e-06,2.85433e-08,1,0.03708,0,0.04208,0.0075,824
3.21243e+06,7.35038e-07,-5.17715e-06,2.86657e-08,1,0.037125,0,0.042125,0.0075,825
3.21531e+06,7.36828e-07,-5.17695e-06,2.87881e-08,1,0.03717,0,0.04217,0.0075,826
3.2182e+06,7.38619e-07,-5.17675e-06,2.89105e-08,1,0.037215,0,0.042215,0.0075,827
3.22108e+06,7.40409e-07,-5.17654e-06,2.90329e-08,1,0.03726,0,0.04226,0.0075,828
3.22396e+06,7.422e-07,-5.17634e-06,2.91552e-08,1,0.037305,0,0.042305,0.0075,829
3.22685e+06,7.4399e-07,-5.17614e-06,2.92776e-08,1,0.03735,0,0.04235,0.0075,830
3.22973e+06,7.4578e-07,-5.17594e-06,2.94e-08,1,0.037395,0,0.042395,0.0075,831
3.23262e+06,7.47571e-07,-5.17573e-06,2.95224e-08,1,0.03744,0,0.04244,0.0075,832
3.2355e+06,7.49361e-07,-5.17553e-06,2.96448e-08,1,0.037485,0,0.042485,0.0075,833
3.23838e+06,7.51152e-07,-5.17533e-06,2.97671e-08,1,0.03753,0,0.04253,0.0075,834
3.24127e+06,7.52942e-07,-5.17513e-06,2.98895e-08,1,0.037575,0,0.042575,0.0075,835
3.24415e+06,7.54732e-07,-5.17493e-06,3.00119e-08,1,0.03762,0,0.04262,0.0075,836
3.24703e+06,7.56523e-07,-5.17472e-06,3.01343e-08,1,0.037665,0,0.042665,0.0075,837
3.24992e+06,7.58313e-07,-5.17452e-06,3.02567e-08,1,0.03771,0,0.04271,0.0075,838
3.2528e+06,7.60103e-07,-5.17432e-06,3.0379e-08,1,0.037755,0,0.042755,0.0075,839
3.25569e+06,7.61894e-07,-5.17412e-06,3.05014e-08,1,0.0378,0,0.0428,0.0075,840
3.25857e+06,7.63684e-07,-5.17391e-06,3.06238e-08,1,0.037845,0,0.042845,0.0075,841
3.26145e+06,7.65475e-07,-5.17371e-06,3.07462e-08,1,0.03789,0,0.04289,0.0075,842
3.26434e+06,7.67265e-07,-5.17351e-06,3.08686e-08,1,0.037935,0,0.042935,0.0075,843
3.26722e+06,7.69055e-07,-5.17331e-06,3.0991e-08,1,0.03798,0,0.04298,0.0075,844
3.2701e+06,7.70846e-07,-5.1731e-06,3.11133e-08,1,0.038025,0,0.043025,0.0075,845
3.27299e+06,7.72636e-07,-5.1729e-06,3.12357e-08,1,0.03807,0,0.04307,0.0075,846
3.27587e+06,7.74426e-07,-5.1727e-06,3.13581e-08,1,0.038115,0,0.043115,0.0075,847
3.27875e+06,7.76217e-07,-5.1725e-06,3.14805e-08,1,0.03816,0,0.04316,0.0075,848
3.28164e+06,7.78007e-07,-5.17229e-06,3.16029e-08,1,0.038205,0,0.043205,0.0075,849
3.28452e+06,7.79798e-07,-5.17209e-06,3.17252e-08,1,0.03825,0,0.04325,0.0075,850
3.28741e+06,7.81588e-07,-5.17189e-06,3.18476e-08,1,0.038295,0,0.043295,0.0075,851
3.29029e+06,7.83378e-07,-5.17169e-06,3.197e-08,1,0.03834,0,0.04334,0.0075,852
3.29317e+06,7.85168e-07,-5.17148e-06,3.20924e-08,1,0.038385,0,0.043385,0.0075,853
3.29606e+06,7.86959e-07,-5.17128e-06,3.22148e-08,1,0.03843,0,0.04343,0.0075,854
3.29894e+06,7.88749e-07,-5.17108e-06,3.23371e-08,1,0.038475,0,0.043475,0.0075,855
3.30182e+06,7.9054e-07,-5.17088e-06,3.24595e-08,1,0.03852,0,0.04352,0.0075,856
3.30471e+06,7.9233e-07,-5.17067e-06,3.25819e-08,1,0.038565,0,0.043565,0.0075,857
3.30759e+06,7.9412e-07,-5.17047e-06,3.27043e-08,1,0.03861,0,0.04361,0.0075,858
3.31047e+06,7.95911e-07,-5.17027e-06,3.28267e-08,1,0.038655,0,0.043655,0.0075,859
3.31336e+06,7.97701e-07,-5.17007e-06,3.2949e-08,1,0.0387,0,0.0437,0.0075,860
3.31624e+06,7.99491e-07,-5.16986e-06,3.30714e-08,1,0.038745,0,0.043745,0.0075,861
3.31913e+06,8.01282e-07,-5.16966e-06,3.31938e-08,1,0.03879,0,0.04379,0.0075,862
3.32201e+06,8.03072e-07,-5.16946e-06,3.33162e-08,1,0.038835,0,0.043835,0.0075,863
3.32489e+06,8.04863e-07,-5.16926e-06,3.34386e-08,1,0.03888,0,0.04388,0.0075,864
3.32778e+06,8.06653e-07,-5.16905e-06,3.3561e-08,1,0.038925,0,0.043925,0.0075,865
3.33066e+06,8.08443e-07,-5.16885e-06,3.36833e-08,1,0.03897,0,0.04397,0.0075,866
3.33354e+06,8.10234e-07,-5.16865e-06,3.38057e-08,1,0.039015,0,0.044015,0.0075,867
3.33643e+06,8.12024e-07,-5.16845e-06,3.39281e-08,1,0.03906,0,0.04406,0.0075,868
3.33931e+06,8.13814e-07,-5.16824e-06,3.40505e-08,1,0.039105,0,0.044105,0.0075,869
3.3422e+06,8.15605e-07,-5.16804e-06,3.41729e-08,1,0.03915,0,0.04415,0.0075,870
3.34508e+06,8.17395e-07,-5.16784e-06,3.42952e-08,1,0.039195,0,0.044195,0.0075,871
3.34796e+06,8.19186e-07,-5.16764e-06,3.44176e-08,1,0.03924,0,0.04424,0.0075,872
3.35085e+06,8.20976e-07,-5.16743e-06,3.454e-08,1,0.039285,0,0.044285,0.0075,873
3.35373e+06,8.22766e-07,-5.16723e-06,3.46624e-08,1,0.03933,0,0.04433,0.0075,874
3.35661e+06,8.24557e-07,-5.16703e-06,3.47848e-08,1,0.039375,0,0.044375,0.0075,875
3.3595e+06,8.26347e-07,-5.16683e-06,3.49071e-08,1,0.03942,0,0.04442,0.0075,876
3.36238e+06,8.28138e-07,-5.16662e-06,3.50295e-08,1,0.039465,0,0.044465,0.0075,877
3.36526e+06,8.29928e-07,-5.16642e-06,3.51519e-08,1,0.03951,0,0.04451,0.0075,878
3.36815e+06,8.31718e-07,-5.16622e-06,3.52743e-08,1,0.039555,0,0.044555,0.0075,879
3.37103e+06,8.33509e-07,-5.16602e-06,3.53967e-08,1,0.0396,0,0.0446,0.0075,880
3.37392e+06,8.35299e-07,-5.16581e-06,3.5519e-08,1,0.039645,0,0.044645,0.0075,881
3.3768e+06,8.37089e-07,-5.16561e-06,3.56414e-08,1,0.03969,0,0.04469,0.0075,882
3.37968e+06,8.3888e-07,-5.16541e-06,3.57638e-08,1,0.039735,0,0.044735,0.0075,883
3.38257e+06,8.4067e-07,-5.16521e-06,3.58862e-08,1,0.03978,0,0.04478,0.0075,884
3.38545e+06,8.4246e-07,-5.165e-06,3.60086e-08,1,0.039825,0,0.044825,0.0075,885
3.38833e+06,8.44251e-07,-5.1648e-06,3.61309e-08,1,0.03987,0,0.04487,0.0075,886
3.39122e+06,8.46041e-07,-5.1646e-06,3.62533e-08,1,0.039915,0,0.044915,0.0075,887
3.3941e+06,8.47832e-07,-5.1644e-06,3.63757e-08,1,0.03996,0,0.04496,0.0075,888
3.39698e+06,8.49622e-07,-5.16419e-06,3.64981e-08,1,0.040005,0,0.045005,0.0075,889
3.39987e+06,8.51412e-07,-5.16399e-06,3.66205e-08,1,0.04005,0,0.04505,0.0075,890
3.40275e+06,8.53203e-07,-5.16379e-06,3.67428e-08,1,0.040095,0,0.045095,0.0075,891
3.40564e+06,8.54993e-07,-5.16359e-06,3.68652e-08,1,0.04014,0,0.04514,0.0075,892
3.40852e+06,8.56783e-07,-5.16338e-06,3.69876e-08,1,0.040185,0,0.045185,0.0075,893
3.4114e+06,8.58574e-07,-5.16318e-06,3.711e-08,1,0.04023,0,0.04523,0.0075,894
3.41429e+06,8.60364e-07,-5.16298e-06,3.72324e-08,1,0.040275,0,0.045275,0.0075,895
3.41717e+06,8.62154e-07,-5.16278e-06,3.73548e-08,1,0.04032,0,0.04532,0.0075,896
3.42005e+06,8.63945e-07,-5.16257e-06,3.74771e-08,1,0.040365,0,0.045365,0.0075,897
3.42294e+06,8.65735e-07,-5.16237e-06,3.75995e-08,1,0.04041,0,0.04541,0.0075,898
3.42582e+06,8.67526e-07,-5.16217e-06,3.77219e-08,1,0.040455,0,0.045455,0.0075,899
3.4287e+06,8.69316e-07,-5.16197e-06,3.78443e-08,1,0.0405,0,0.0455,0.0075,900
3.43159e+06,8.71106e-07,-5.16176e-06,3.79667e-08,1,0.040545,0,0.045545,0.0075,901
3.43447e+06,8.72897e-07,-5.16156e-06,3.8089e-08,1,0.04059,0,0.04559,0.0075,902
3.43736e+06,8.74687e-07,-5.16136e-06,3.82114e-08,1,0.040635,0,0.045635,0.0075,903
3.44024e+06,8.76477e-07,-5.16116e-06,3.83338e-08,1,0.04068,0,0.04568,0.0075,904
3.44312e+06,8.78268e-07,-5.16095e-06,3.84562e-08,1,0.040725,0,0.045725,0.0075,905
3.44601e+06,8.80058e-07,-5.16075e-06,3.85786e-08,1,0.04077,0,0.04577,0.0075,906
3.44889e+06,8.81849e-07,-5.16055e-06,3.87009e-08,1,0.040815,0,0.045815,0.0075,907
3.45177e+06,8.83639e-07,-5.16035e-06,3.88233e-08,1,0.04086,0,0.04586,0.0075,908
3.45466e+06,8.85429e-07,-5.16015e-06,3.89457e-08,1,0.040905,0,0.045905,0.0075,909
3.45754e+06,8.8722e-07,-5.15994e-06,3.90681e-08,1,0.04095,0,0.04595,0.0075,910
3.46042e+06,8.8901e-07,-5.15974e-06,3.91905e-08,1,0.040995,0,0.045995,0.0075,911
3.46331e+06,8.908e-07,-5.15954e-06,3.93129e-08,1,0.04104,0,0.04604,0.0075,912
3.46619e+06,8.92591e-07,-5.15934e-06,3.94352e-08,1,0.041085,0,0.046085,0.0075,913
3.46908e+06,8.94381e-07,-5.15913e-06,3.95576e-08,1,0.04113,0,0.04613,0.0075,914
3.47196e+06,8.96172e-07,-5.15893e-06,3.968e-08,1,0.041175,0,0.046175,0.0075,915
3.47484e+06,8.97962e-07,-5.15873e-06,3.98024e-08,1,0.04122,0,0.04622,0.0075,916
3.47773e+06,8.99752e-07,-5.15853e-06,3.99248e-08,1,0.041265,0,0.046265,0.0075,917
3.48061e+06,9.01543e-07,-5.15832e-06,4.00471e-08,1,0.04131,0,0.04631,0.0075,918
3.48349e+06,9.03333e-07,-5.15812e-06,4.01695e-08,1,0.041355,0,0.046355,0.0075,919
3.48638e+06,9.05123e-07,-5.15792e-06,4.02919e-08,1,0.0414,0,0.0464,0.0075,920
3.48926e+06,9.06914e-07,-5.15772e-06,4.04143e-08,1,0.041445,0,0.046445,0.0075,921
3.49214e+06,9.08704e-07,-5.15751e-06,4.05367e-08,1,0.04149,0,0.04649,0.0075,922
3.49503e+06,9.10495e-07,-5.15731e-06,4.0659e-08,1,0.041535,0,0.046535,0.0075,923
3.49791e+06,9.12285e-07,-5.15711e-06,4.07814e-08,1,0.04158,0,0.04658,0.0075,924
3.5008e+06,9.14075e-07,-5.15691e-06,4.09038e-08,1,0.041625,0,0.046625,0.0075,925
3.50368e+06,9.15866e-07,-5.1567e-06,4.10262e-08,1,0.04167,0,0.04667,0.0075,926
3.50656e+06,9.17656e-07,-5.1565e-06,4.11486e-08,1,0.041715,0,0.046715,0.0075,927
3.50945e+06,9.19446e-07,-5.1563e-06,4.12709e-08,1,0.04176,0,0.04676,0.0075,928
3.51233e+06,9.21237e-07,-5.1561e-06,4.13933e-08,1,0.041805,0,0.046805,0.0075,929
3.51521e+06,9.23027e-07,-5.15589e-06,4.15157e-08,1,0.04185,0,0.04685,0.0075,930
3.5181e+06,9.24817e-07,-5.15569e-06,4.16381e-08,1,0.041895,0,0.046895,0.0075,931
3.52098e+06,9.26608e-07,-5.15549e-06,4.17605e-08,1,0.04194,0,0.04694,0.0075,932
3.52387e+06,9.28398e-07,-5.15529e-06,4.18828e-08,1,0.041985,0,0.046985,0.0075,933
3.52675e+06,9.30189e-07,-5.15508e-06,4.20052e-08,1,0.04203,0,0.04703,0.0075,934
3.52963e+06,9.31979e-07,-5.15488e-06,4.21276e-08,1,0.042075,0,0.047075,0.0075,935
3.53252e+06,9.33769e-07,-5.15468e-06,4.225e-08,1,0.04212,0,0.04712,0.0075,936
3.5354e+06,9.3556e-07,-5.15448e-06,4.23724e-08,1,0.042165,0,0.047165,0.0075,937
3.53828e+06,9.3735e-07,-5.15427e-06,4.24947e-08,1,0.04221,0,0.04721,0.0075,938
3.54117e+06,9.3914e-07,-5.15407e-06,4.26171e-08,1,0.042255,0,0.047255,0.0075,939
3.54405e+06,9.40931e-07,-5.15387e-06,4.27395e-08,1,0.0423,0,0.0473,0.0075,940
3.54693e+06,9.42721e-07,-5.15367e-06,4.28619e-08,1,0.042345,0,0.047345,0.0075,941
3.54982e+06,9.44511e-07,-5.15346e-06,4.29843e-08,1,0.04239,0,0.04739,0.0075,942
3.5527e+06,9.46302e-07,-5.15326e-06,4.31066e-08,1,0.042435,0,0.047435,0.0075,943
3.55559e+06,9.48092e-07,-5.15306e-06,4.3229e-08,1,0.04248,0,0.04748,0.0075,944
3.55847e+06,9.49883e-07,-5.15286e-06,4.33514e-08,1,0.042525,0,0.047525,0.0075,945
3.56135e+06,9.51673e-07,-5.15265e-06,4.34738e-08,1,0.04257,0,0.04757,0.0075,946
3.56424e+06,9.53463e-07,-5.15245e-06,4.35962e-08,1,0.042615,0,0.047615,0.0075,947
3.56712e+06,9.55254e-07,-5.15225e-06,4.37186e-08,1,0.04266,0,0.04766,0.0075,948
3.57e+06,9.57044e-07,-5.15205e-06,4.38409e-08,1,0.042705,0,0.047705,0.0075,949
3.57289e+06,9.58834e-07,-5.15184e-06,4.39633e-08,1,0.04275,0,0.04775,0.0075,950
3.57577e+06,9.60625e-07,-5.15164e-06,4.40857e-08,1,0.042795,0,0.047795,0.0075,951
3.57865e+06,9.62415e-07,-5.15144e-06,4.42081e-08,1,0.04284,0,0.04784,0.0075,952
3.58154e+06,9.64206e-07,-5.15124e-06,4.43305e-08,1,0.042885,0,0.047885,0.0075,953
3.58442e+06,9.65996e-07,-5.15103e-06,4.44528e-08,1,0.04293,0,0.04793,0.0075,954
3.58731e+06,9.67786e-07,-5.15083e-06,4.45752e-08,1,0.042975,0,0.047975,0.0075,955
3.59019e+06,9.69577e-07,-5.15063e-06,4.46976e-08,1,0.04302,0,0.04802,0.0075,956
3.59307e+06,9.71367e-07,-5.15043e-06,4.482e-08,1,0.043065,0,0.048065,0.0075,957
3.59596e+06,9.73158e-07,-5.15022e-06,4.49424e-08,1,0.04311,0,0.04811,0.0075,958
3.59884e+06,9.74948e-07,-5.15002e-06,4.50647e-08,1,0.043155,0,0.048155,0.0075,959
3.60172e+06,9.76738e-07,-5.14982e-06,4.51871e-08,1,0.0432,0,0.0482,0.0075,960
3.60461e+06,9.78529e-07,-5.14962e-06,4.53095e-08,1,0.043245,0,0.048245,0.0075,961
3.60749e+06,9.80319e-07,-5.14941e-06,4.54319e-08,1,0.04329,0,0.04829,0.0075,962
3.61037e+06,9.82109e-07,-5.14921e-06,4.55543e-08,1,0.043335,0,0.048335,0.0075,963
3.61326e+06,9.839e-07,-5.14901e-06,4.56767e-08,1,0.04338,0,0.04838,0.0075,964
3.61614e+06,9.8569e-07,-5.14881e-06,4.5799e-08,1,0.043425,0,0.048425,0.0075,965
3.61903e+06,9.8748e-07,-5.1486e-06,4.59214e-08,1,0.04347,0,0.04847,0.0075,966
3.62191e+06,9.89271e-07,-5.1484e-06,4.60438e-08,1,0.043515,0,0.048515,0.0075,967
3.62479e+06,9.91061e-07,-5.1482e-06,4.61662e-08,1,0.04356,0,0.04856,0.0075,968
3.62768e+06,9.92852e-07,-5.148e-06,4.62886e-08,1,0.043605,0,0.048605,0.0075,969
3.63056e+06,9.94642e-07,-5.1478e-06,4.64109e-08,1,0.04365,0,0.04865,0.0075,970
3.63344e+06,9.96432e-07,-5.14759e-06,4.65333e-08,1,0.043695,0,0.048695,0.0075,971
3.63633e+06,9.98223e-07,-5.14739e-06,4.66557e-08,1,0.04374,0,0.04874,0.0075,972
3.63921e+06,1.00001e-06,-5.14719e-06,4.67781e-08,1,0.043785,0,0.048785,0.0075,973
3.6421e+06,1.0018e-06,-5.14699e-06,4.69005e-08,1,0.04383,0,0.04883,0.0075,974
3.64498e+06,1.00359e-06,-5.14678e-06,4.70228e-08,1,0.043875,0,0.048875,0.0075,975
3.64786e+06,1.00538e-06,-5.14658e-06,4.71452e-08,1,0.04392,0,0.04892,0.0075,976
3.65075e+06,1.00717e-06,-5.14638e-06,4.72676e-08,1,0.043965,0,0.048965,0.0075,977
3.65363e+06,1.00896e-06,-5.14618e-06,4.739e-08,1,0.04401,0,0.04901,0.0075,978
3.65651e+06,1.01076e-06,-5.14597e-06,4.75124e-08,1,0.044055,0,0.049055,0.0075,979
3.6594e+06,1.01255e-06,-5.14577e-06,4.76347e-08,1,0.0441,0,0.0491,0.0075,980
3.66228e+06,1.01434e-06,-5.14557e-06,4.77571e-08,1,0.044145,0,0.049145,0.0075,981
3.66516e+06,1.01613e-06,-5.14537e-06,4.78795e-08,1,0.04419,0,0.04919,0.0075,982
3.66805e+06,1.01792e-06,-5.14516e-06,4.80019e-08,1,0.044235,0,0.049235,0.0075,983
3.67093e+06,1.01971e-06,-5.14496e-06,4.81243e-08,1,0.04428,0,0.04928,0.0075,984
3.67382e+06,1.0215e-06,-5.14476e-06,4.82466e-08,1,0.044325,0,0.049325,0.0075,985
3.6767e+06,1.02329e-06,-5.14456e-06,4.8369e-08,1,0.04437,0,0.04937,0.0075,986
3.67958e+06,1.02508e-06,-5.14435e-06,4.84914e-08,1,0.044415,0,0.049415,0.0075,987
3.68247e+06,1.02687e-06,-5.14415e-06,4.86138e-08,1,0.04446,0,0.04946,0.0075,988
3.68535e+06,1.02866e-06,-5.14395e-06,4.87362e-08,1,0.044505,0,0.049505,0.0075,989
3.68823e+06,1.03045e-06,-5.14375e-06,4.88585e-08,1,0.04455,0,0.04955,0.0075,990
3.69112e+06,1.03224e-06,-5.14354e-06,4.89809e-08,1,0.044595,0,0.049595,0.0075,991
3.694e+06,1.03403e-06,-5.14334e-06,4.91033e-08,1,0.04464,0,0.04964,0.0075,992
3.69688e+06,1.03582e-06,-5.14314e-06,4.92257e-08,1,0.044685,0,0.049685,0.0075,993
3.69977e+06,1.03761e-06,-5.14294e-06,4.93481e-08,1,0.04473,0,0.04973,0.0075,994
3.70265e+06,1.0394e-06,-5.14273e-06,4.94705e-08,1,0.044775,0,0.049775,0.0075,995
3.70554e+06,1.04119e-06,-5.14253e-06,4.95928e-08,1,0.04482,0,0.04982,0.0075,996
3.70842e+06,1.04298e-06,-5.14233e-06,4.97152e-08,1,0.044865,0,0.049865,0.0075,997
3.7113e+06,1.04477e-06,-5.14213e-06,4.98376e-08,1,0.04491,0,0.04991,0.0075,998
3.71419e+06,1.04656e-06,-5.14192e-06,4.996e-08,1,0.044955,0,0.049955,0.0075,999
3.71707e+06,1.04835e-06,-5.14172e-06,5.00824e-08,1,0.045,0,0.05,0.0075,1000
